Salt Smiles,Cation Heavy Atoms,Tanimoto Similarity Score,Molecular Relative,Anion,predicted cpt,predicted density,calculated cpt,calculated density,"% error, cpt","% error, density",Round,Series,Category,"kde, density","kde, cpt","kde, multivariate"
N#CNCCn1cc[n+](CO)c1.[Br-],12,0.6182795698924731,1-butyl-3-methylimidazolium,bromide,371.42,1401.67,341.57,1542.71,8.74,9.14,1,2,Imidazolium,1.7869352029870085,1.6744726717321967,2.1494228752832
CCCCCCC[n+]1ccn(CC)c1N.O=C([O-])[C@@H]1CCCN1,15,0.7486033519553073,1-butyl-3-methylimidazolium,L-prolinate,1028.09,946.5,700.69,1021.13,46.73,7.31,1,1,Imidazolium,0.14863357372658634,0.06806800681421388,1.12589931704269
Cc1ccc[n+](CCCCCCCCC(F)(F)F)c1.CC(=O)[O-],19,0.8969072164948454,N-octyl-3-methylpyridinium,acetate,979.53,953.95,603.44,1056.07,62.32,9.67,1,1,Pyridinium,0.35464673747941244,0.18074381627055092,1.1278237488676226
PCCCCCCCCCCC[n+]1ccccc1.NCCCC[C@H](N)C(=O)[O-],18,0.8220338983050848,1-butylpyridinium,L-lysinate,990.28,1049.54,860.11,1002.63,15.13,4.68,1,1,Pyridinium,1.967664078471652,0.2461474860015131,1.1492817859024778
CCCCCC(CCCC)Cn1cc[n+](CN)c1.C[C@@H](O)[C@H](N)C(=O)[O-],18,0.7362637362637363,1-butyl-3-methylimidazolium,L-threoninate,936.81,1014.39,760.15,1018.0,23.24,0.35,1,1,Imidazolium,2.168103285742215,0.07692126522934148,1.1911813834658622
FCCCCCn1cc[n+](CCCCF)c1NF.CCOS(=O)(=O)[O-],18,0.6802030456852792,1-butyl-3-methylimidazolium,ethylsulfate,1087.45,1011.53,641.26,1211.79,69.58,16.53,1,1,Imidazolium,2.6250966560804714,0.11440930940821202,1.1032544280306122
CCCC(P)CCCC[N+]1(C)CCCCC1.NCCCC[C@H](N)C(=O)[O-],16,0.8082191780821918,"N,N,N-triethyldodecan-1-aminium",L-lysinate,954.62,1050.04,824.19,1027.49,15.83,2.19,1,1,Aminium,2.0121013355292567,0.05315537701751711,1.20056738131253
CCCCn1cc[n+](C)c1NCC.C[C@@H](O)[C@H](N)C(=O)[O-],13,0.6733668341708543,1-butyl-3-methylimidazolium,L-threoninate,1040.41,966.44,632.82,1066.45,64.41,9.38,1,1,Imidazolium,0.4741950502834985,0.06766400766785398,1.095474429073453
CCCC[P+](CC)(CCCC)CC(S)CC.NCCCC[C@H](N)C(=O)[O-],16,0.675,tetrabutylphosphonium,L-lysinate,1028.81,1068.43,910.84,977.96,12.95,9.25,1,1,Phosphonium,2.9313965076970936,0.06644886689549065,1.1524457724552652
CCCC(CC)CCn1cc[n+](C)c1C(F)(F)F.O=C([O-])C(F)(F)F,18,0.6146788990825688,1-butyl-3-methylimidazolium,trifluoroacetate,1054.96,1023.65,589.93,1192.04,78.83,14.13,1,1,Imidazolium,1.1905891815811365,0.13242292639571251,1.1057003584017575
C=NC([n+]1ccn(CCCCCCC)c1)C(F)(F)F.COP(=O)([O-])OC,19,0.6118721461187214,1-butyl-3-methylimidazolium,dimethylphosphate,1048.14,1049.15,645.52,1166.17,62.37,10.03,1,1,Imidazolium,1.9365753987727896,0.10251426837907424,1.109198933478939
CCCCC(C)(CCC)CC[N+](C)(C)CC(F)(F)F.C[C@@H](O)[C@H](N)C(=O)[O-],19,0.6145833333333334,"N,N,N-triethyldodecan-1-aminium",L-threoninate,937.31,976.51,736.65,1069.04,27.24,8.66,1,1,Aminium,0.7354414776106575,0.07506535952139996,1.1786231006580774
CCCCCCC(N)[N+](C)(CC)CCCC.C[C@@H](O)[C@H](N)C(=O)[O-],16,0.6082474226804123,"N,N,N-triethyldodecan-1-aminium",L-threoninate,982.91,990.69,805.99,982.34,21.95,0.85,1,1,Aminium,0.8092835448400391,0.20187210238682396,1.1371908010354814
CCC[n+]1ccn(CC(C)C(N)(F)F)c1.CCOS(=O)(=O)[O-],15,0.7318435754189944,1-isobutyl-3-methylimidazolium,ethylsulfate,1010.43,1063.49,584.42,1237.88,72.89,14.09,1,1,Imidazolium,3.3426388920689414,0.14007049613341313,1.1524457724552652
CCCCCC[n+]1ccn(CC(C)C)c1C(F)(F)F.CCOS(=O)(=O)[O-],19,0.6118721461187214,1-butyl-3-methylimidazolium,ethylsulfate,1006.36,1061.29,645.49,1154.97,55.91,8.11,1,1,Imidazolium,3.3730184871737467,0.17469680220753195,1.1508821606106079
CCCn1cc(N=C=O)[n+](CCC)c1.CS(=O)(=O)[O-],14,0.6111111111111112,1-butyl-3-methylimidazolium,methanesulfonate,983.64,1066.62,496.28,1202.08,98.2,11.27,1,1,Imidazolium,3.1128035296634646,0.2066911985862621,1.1524457724552652
CCC[N+](C)(CCO)CCCCCCS(C)(=O)=O.CC(=O)[O-],18,0.6263736263736264,"N,N,N-triethyldodecan-1-aminium",acetate,1030.2,1058.0,723.54,1113.5,42.38,4.98,1,1,Aminium,3.0186941401688205,0.06357817426421365,1.1508821606106079
CCCCC(CC)(CCC)CC[N+]1=C(S)CCC1.C[C@@H](O)[C@H](N)C(=O)[O-],18,0.5132743362831859,"N,N,N-triethyldodecan-1-aminium",L-threoninate,985.42,1043.23,1143.26,1005.7,13.81,3.73,1,1,Aminium,2.4429944915888164,0.2195626500657863,1.1476463077076458
CCCC(C)CCCC([n+]1ccccc1)C(F)(F)F.CCOS(=O)(=O)[O-],19,0.532967032967033,1-butylpyridinium,ethylsulfate,970.89,1057.96,677.55,1144.18,43.29,7.54,1,1,Pyridinium,3.007901587635052,0.13710268516694832,1.1508821606106079
FC[n+]1cc(F)n(CCCOF)c1.N#CN=C=[N-],13,0.6113744075829384,1-isobutyl-3-methylimidazolium,dicyanoazanide,986.13,1078.71,389.04,1276.75,153.48,15.51,1,1,Imidazolium,1.139524444901426,0.2242568132584369,1.1539709807286325
CCCCCCNCn1cc[n+](C)c1C#N.N[C@@H](CO)C(=O)[O-],16,0.5121951219512195,triethyloctylammonium,L-serinate,997.82,1091.8,707.61,1103.77,41.01,1.08,1,1,Ammonium,3.388240920160058,0.2423736911691237,1.1568997350071268
CCCC(C)c1cccc[n+]1C(CCP)C(F)(F)F.CCCCCCCCOS(=O)(=O)[O-],19,0.5394190871369294,1-ethyl-2-methylpyridinium,octyl sulfate,1014.48,1007.66,923.17,1105.62,9.89,8.86,1,1,Pyridinium,2.684373395937173,0.11367620529492845,1.140787035571317
CCCCCCC[N+](C)(C)C(P)CCCC.NCCCC[C@H](N)C(=O)[O-],16,0.5714285714285714,"N,N,N-triethyldodecan-1-aminium",L-lysinate,986.67,991.41,804.25,992.33,22.68,0.09,1,1,Aminium,0.7514436728198017,0.22730213348718364,1.1371908010354814
CCc1ccc(N=NC)c[n+]1CC(CF)C(=O)F.NCCCC[C@H](N)C(=O)[O-],18,0.5508474576271186,1-ethyl-2-methylpyridinium,L-lysinate,944.84,1030.39,667.22,1162.23,41.61,11.34,1,1,Pyridinium,2.4454888990196024,0.05249449011359302,1.1959591651415855
CCCCc1cn(C)c[n+]1CCCC(CF)C(=O)O.N#CN=C=[N-],19,0.5702127659574469,1-butyl-3-methylimidazolium,dicyanoazanide,905.81,1005.56,564.0,1109.42,60.6,9.36,1,1,Imidazolium,2.3376712237153616,0.3572407036590471,1.1862535391740918
CCCCNc1[nH]c(N)c[n+]1C.O=S(=O)([N-]S(=O)(=O)C(F)(F)F)C(F)(F)F,12,0.5118483412322274,1-butyl-3-methylimidazolium,bis[(trifluoromethyl)sulfonyl]imide,1047.22,1041.1,556.43,1459.54,88.2,28.67,1,1,Imidazolium,2.844185632028132,0.09727189736862954,1.1080569919203382
C=S(=O)(F)c1n(C)c(NPC(C)C)c(NC)[n+]1F.O=C([O-])[C@@H]1CCCN1,18,0.5137254901960784,1-butyl-3-methylimidazolium,L-prolinate,1010.42,1044.91,620.66,1254.71,62.8,16.72,1,1,Imidazolium,2.1414796755200167,0.14007049613341313,1.1476463077076458
CCC(CC)COC(C(P)CF)C(N)[NH2+]OC.N[C@@H](CO)C(=O)[O-],17,0.5081967213114754,triethyloctylammonium,L-serinate,970.18,1034.92,689.46,1151.34,40.72,10.11,1,1,Ammonium,3.2650208089478783,0.13363448587309856,1.1459774011034027
CCCCCCCCCCn1cc[n+](S)c1N.N#C[N-]C#N,17,0.63,1-butyl-3-methylimidazolium,dicyanamide,952.72,977.27,570.41,1051.01,67.02,7.02,1,1,Imidazolium,0.8075838552139555,0.048705334313651975,1.1786231006580774
CCCCC(F)[N+](C)(C)CCOC(C)=O.N#CN=C=[N-],15,0.5178571428571429,"N,N,N-triethyldodecan-1-aminium",dicyanoazanide,975.78,975.82,510.76,1103.25,91.04,11.55,1,1,Aminium,0.6648019522154893,0.16050571709010725,1.1335017214751504
CCCC([NH3+])(F)C(CC(C)C(C)=O)C(N=N)NSC.N#CN=C=[N-],19,0.5150214592274678,1-butyl-3-methylimidazolium,dicyanoazanide,1004.41,1075.16,726.67,1117.98,38.22,3.83,1,1,Imidazolium,1.5055977800244038,0.19242995868743734,1.1539709807286325
CNc1c(F)ccc[n+]1C(OCO)C(C)(C)C.N#C[C-](C#N)C#N,17,0.524,1-butyl-3-methylimidazolium,tricyanomethane,935.93,1032.37,508.73,1151.46,83.97,10.34,1,1,Imidazolium,2.86929736748119,0.08090583779042879,1.1959591651415855
Nc1c(N=NF)ccc(N=NNO)[n+]1C(F)C(O)P.O=S(=O)([O-])C(F)(F)F,19,0.5118110236220472,1-butyl-3-methylimidazolium,trifluoromethanesulfonate,1064.83,1009.67,505.09,1587.92,110.82,36.42,1,1,Imidazolium,2.7595142545918327,0.13876218189980635,1.1032544280306122
CCCCC[n+]1cc(NC)n(CCC)c1NC.O=C([O-])[C@@H]1CCCN1,17,0.5702127659574469,1-butyl-3-methylimidazolium,L-prolinate,921.84,985.44,702.53,1025.09,31.22,3.87,1,1,Imidazolium,1.0611089252605,0.2111898894811105,1.181195161400885
CCCC(N)(CCC)[n+]1ccc(N(C)C)c(P)c1.NCCCC[C@H](N)C(=O)[O-],18,0.5186721991701245,1-ethyl-2-methylpyridinium,L-lysinate,931.25,1031.08,834.27,1062.8,11.62,2.98,1,1,Pyridinium,2.596203577030881,0.10974790533406403,1.1959591651415855
CCCCC(N=NC(=O)O)[n+]1ccc(F)cc1N.O=S(=O)([N-]S(=O)(=O)C(F)(F)F)C(F)(F)F,18,0.5397489539748954,1-ethyl-2-methylpyridinium,bis(trifluoromethylsulfonyl)imide,994.35,1038.23,612.94,1485.88,62.23,30.13,1,1,Pyridinium,3.2564482744917447,0.2530226126905408,1.1476463077076458
CC(C1CC1)C(CCF)[NH2+]C(N)OO.NCCCC[C@H](N)C(=O)[O-],14,0.5,triethyloctylammonium,L-lysinate,1009.41,1040.32,648.08,1100.88,55.75,5.5,1,1,Ammonium,2.9772661219926064,0.14758470058769074,1.1476463077076458
CCCC[NH2+]C(S)(OC(C#N)CCCC(C)F)SO.N[C@@H](CO)C(=O)[O-],19,0.5039370078740157,triethyloctylammonium,L-serinate,968.97,1066.79,663.58,1190.57,46.02,10.4,1,1,Ammonium,3.094180480735701,0.1276565322926346,1.1524457724552652
CN(CC(C)(N)F)c1cc[n+](CCCCF)c(F)c1.O=C([O-])[C@@H]1CCCN1,19,0.5210084033613446,1-ethyl-2-methylpyridinium,L-prolinate,1015.25,987.14,693.0,1173.65,46.5,15.89,1,1,Pyridinium,1.0202148799976496,0.10992810036043314,1.1353570139144338
CCCCCCC[NH+](C)CN.NCCCC[C@H](N)C(=O)[O-],11,0.6056338028169014,"N,N,N-triethyldodecan-1-aminium",L-lysinate,953.44,964.07,686.33,1008.89,38.92,4.44,1,1,Aminium,0.4213193569836659,0.04989624412852405,1.1734052821035663
CCCCCCCCCn1cc(N=C=O)[n+](C)c1.COS(=O)(=O)[O-],18,0.6380952380952379,1-butyl-3-methylimidazolium,methylsulfate,1031.03,1042.86,606.39,1141.4,70.03,8.63,1,1,Imidazolium,2.5110399284273033,0.062362689526854136,1.1476463077076458
CCCCc1cn(C)c[n+]1CCC(F)(F)F.N#C[N-]C#N,16,0.5814977973568282,1-butyl-3-methylimidazolium,dicyanamide,1018.91,1034.22,488.68,1130.29,108.5,8.5,1,1,Imidazolium,3.185671029589898,0.09439608072513077,1.1459774011034027
CCCC(CCC)Cc1c(C)cc(C)c(N)[n+]1CC.O=S(=O)([N-]S(=O)(=O)C(F)(F)F)C(F)(F)F,19,0.5263157894736842,1-ethyl-2-methylpyridinium,bis(trifluoromethylsulfonyl)imide,992.91,1009.53,792.3,1237.89,25.32,18.45,1,1,Pyridinium,2.762707226420806,0.252791966128223,1.140787035571317
C=CC(F)(n1c(N)c(CC)[n+](C)c1C)[SH](=O)=O.N#CN=C=[N-],17,0.5234375,1-butyl-3-methylimidazolium,dicyanoazanide,1024.55,1070.31,463.26,1269.4,121.16,15.68,1,1,Imidazolium,2.6277306534759117,0.0767681657140739,1.1524457724552652
CCCCP(CCC)CC(C[NH3+])PCCC.NCCCC[C@H](N)C(=O)[O-],16,0.5,triethylhexylammonium,L-lysinate,1011.73,1006.32,797.63,986.74,26.84,1.98,1,1,Ammonium,2.492942155479601,0.12971513393317008,1.140787035571317
Nc1c[n+](CO)c(N[SH](=O)=O)n1CF.N#C[C-](C#N)C#N,14,0.522633744855967,1-butyl-3-methylimidazolium,tricyanomethane,1035.32,1003.24,407.75,1500.38,153.91,33.13,1,1,Imidazolium,1.7369668074879732,0.05930696529498523,1.102000891573406
CCCC1CC1C(CO)C(F)(CC[NH3+])CCCF.O=C([O-])[C@@H]1CCCN1,18,0.5086206896551724,triethyloctylammonium,L-prolinate,1019.35,1033.15,790.71,1061.42,28.92,2.66,1,1,Ammonium,3.0123649332011238,0.09264227810506287,1.1459774011034027
CCCCCCCC[N+]1(C)CCC(Cl)CC1.NCCCC[C@H](N)C(=O)[O-],16,0.7375,"N,N,N-triethyldodecan-1-aminium",L-lysinate,991.65,1073.1,830.33,1042.34,19.43,2.95,1,1,Aminium,1.9573855822067403,0.2507079627655089,1.1539709807286325
CSCCCCCC(C(C)F)C1C(O)CC(=O)[NH+]1C.O=S(=O)([O-])C(F)(F)F,19,0.508,1-butyl-3-methylimidazolium,trifluoromethanesulfonate,890.62,1472.71,814.71,1275.04,9.32,15.5,1,2,Imidazolium,1.0918206649999656,0.22294267197776044,1.2300474633092386
CCCCCC[n+]1cc(C)cc(C)c1CS(=O)(=O)Cl.O=S(=O)([O-])C(F)(F)F,19,0.5327868852459017,1-ethyl-2-methylpyridinium,trifluoromethanesulfonate,836.85,1506.97,616.05,1297.03,35.84,16.19,1,2,Pyridinium,1.4167939957787148,0.16312978837413014,1.2994835625050722
CCc1c(S(N)(=O)=O)ccc(N(C)O)[n+]1C.O=S(=O)([N-]S(=O)(=O)C(F)(F)F)C(F)(F)F,16,0.516,1-ethyl-2-methylpyridinium,bis[(trifluoromethyl)sulfonyl]imide,990.27,1576.98,584.76,1563.27,69.35,0.88,1,2,Pyridinium,0.3725146917586106,0.2461474860015131,1.160077192427836
CCn1c(P)c(C(=O)Cl)[n+](C)c1[SH](=N)=O.[Br-],15,0.5234375,1-butyl-3-methylimidazolium,bromide,909.75,1408.54,365.83,1634.89,148.68,13.84,1,2,Imidazolium,1.9363012802186497,0.3349611886337364,1.2348000759313944
CCCCCC[n+]1ccc(N(C)PCF)cc1.O=S(=O)([N-]S(=O)(=O)C(F)(F)F)C(F)(F)F,17,0.5771144278606966,1-butyl-2-methylpyridinium,bis[(trifluoromethyl)sulfonyl]imide,705.06,1428.29,703.21,1354.58,0.26,5.44,1,2,Pyridinium,3.2040310321886785,0.1942869905999571,1.5081525963947335
Nc1n(CC(P)CCCl)cc[n+]1CCCCCS.[Br-],18,0.6568627450980392,1-butyl-3-methylimidazolium,bromide,1051.22,1154.67,514.81,1373.5,104.2,15.93,1,2,Imidazolium,1.104706294849884,0.11761942143304817,1.1205830704560813
CNCCc1c[n+](C)cn1CC(NCl)C(F)(F)P.NCCCC[C@H](N)C(=O)[O-],18,0.5450819672131147,1-butyl-3-methylimidazolium,L-lysinate,940.54,1404.09,745.96,1226.71,26.08,14.46,1,2,Imidazolium,1.8184639606628208,0.0633581945734473,1.2354892914624358
CCCSc1cc(C)[n+](C)n1C(P)N=N.N#C[N-]C#N,15,0.5157480314960631,1-butyl-3-methylimidazolium,dicyanamide,821.96,1339.35,479.61,1171.25,71.38,14.35,1,2,Imidazolium,0.8579076209631762,0.09265900407809996,1.3153458689485042
C=NC(P)(CCCC)C[NH+](C)C(CC)CCCl.O=S(=O)([N-]S(=O)(=O)C(F)(F)F)C(F)(F)F,17,0.5,triethyloctylammonium,bis(trifluoromethylsulfonyl)imide,1364.29,1209.78,734.78,1333.75,85.67,9.29,1,2,Ammonium,3.236055899201689,0.10339779594099648,1.0429927831894257
CCCC(P)[N+](C)(CCOCl)OPP.NCCCC[C@H](N)C(=O)[O-],14,0.5081967213114754,triethyloctylammonium,L-lysinate,1221.97,1237.84,700.59,1215.98,74.42,1.8,1,2,Ammonium,4.033382599691398,0.12427491435160384,1.0626861499045668
CN=NC1CC[N+](OC(C)F)=C1O.O=S(=O)([O-])C(F)(F)F,13,0.5079365079365079,1-ethylpyridinium,trifluoromethanesulfonate,889.79,1351.06,441.81,1420.5,101.4,4.89,1,2,Pyridinium,1.9681763240693877,0.20724783275940145,1.2375844004551968
CCCCC(C)C(N(O)O)[n+]1cc(F)n(C)c1F.O=C([O-])[C@@H]1CCCN1,18,0.5425101214574899,1-butyl-3-methylimidazolium,L-prolinate,1544.9,1054.68,638.32,1158.37,142.03,8.95,1,2,Imidazolium,2.5519851049477262,2.4577120828441885e-09,1.0190111634856909
CCCCC(C[NH+](S)C(N)(CC)C(F)(F)F)OCC.NCCCC[C@H](N)C(=O)[O-],19,0.5039370078740157,1-ethylpyridinium,L-lysinate,1640.87,986.54,871.86,1120.06,88.2,11.92,1,2,Pyridinium,1.038712209373042,0.06562517985886811,1.017936344525708
CCCC[N+]1(C(S)CCCCC(C)=O)CCCC1.COS(=O)(=O)[O-],18,0.5728155339805825,"N,N,N-triethyldodecan-1-aminium",methylsulfate,1035.4,1209.6,702.92,1152.72,47.3,4.93,1,2,Aminium,3.2545092279094647,0.0593736793831638,1.1243353073568063
CCCC(N=O)C(N)Nn1cc(N=N)[n+](C)c1.NCCCC[C@H](N)C(=O)[O-],17,0.5183673469387755,1-butyl-3-methylimidazolium,L-lysinate,1105.17,1093.0,781.47,1141.89,41.42,4.28,1,2,Imidazolium,3.75089000890821,0.08933409492529977,1.1144997848104208
N#CC(Cn1cc[n+](CCO)c1)S(N)=O.CC(=O)[O-],15,0.6113744075829384,1-isobutyl-3-methylimidazolium,acetate,1360.23,1170.25,434.49,1308.02,213.06,10.53,1,2,Imidazolium,1.7367431871300831,0.09734289938260957,1.0424836136946476
CCCCC(S)Cn1cc(SC)[n+](CCC#N)c1.CS(=O)(=O)[O-],18,0.5826086956521739,1-butyl-3-methylimidazolium,methanesulfonate,909.84,1251.28,615.4,1198.81,47.85,4.38,1,2,Imidazolium,1.9696139343877732,0.3333716124346611,1.2356055319113572
CSC(C)Cc1n(N(P)C(C)O)cc(F)[n+]1CF.N#C[S-],18,0.5234375,1-butyl-3-methylimidazolium,thiocyanate,971.07,1498.35,487.51,1273.34,99.19,17.67,1,2,Imidazolium,0.858298711283322,0.1382416583418088,1.1671548898123625
C#Cc1c[n+](C)c(C)n1CCC(C)[SH]=O.CS(=O)(=O)[O-],15,0.5726495726495726,1-butyl-3-methylimidazolium,methanesulfonate,655.18,1331.98,473.27,1236.97,38.44,7.68,1,2,Imidazolium,0.9646164608515414,0.7150497784190462,1.6458391644652741
CCC([n+]1ccccc1N=C=S)C(F)(F)F.C[C@@H](O)[C@H](N)C(=O)[O-],16,0.5254237288135594,1-butyl-3-methylimidazolium,L-threoninate,1117.43,1233.12,616.47,1278.81,81.26,3.57,1,2,Imidazolium,4.746373898767566,0.06855013120580587,1.1256504677561388
CCCCc1c[n+](CC(=O)NCl)c(C#N)n1CC.N[C@@H](CS)C(=O)[O-],18,0.528,1-butyl-3-methylimidazolium,L-cysteinate,1123.28,1256.85,667.75,1210.7,68.22,3.81,1,2,Imidazolium,1.3445633804076806,0.06852206983380074,1.0899164922586069
CCCC(S)C[n+]1cc(O)cc(C#N)c1.O=C([O-])[C@@H]1CCCN1,15,0.6786885245901639,3-cyano-1-octylpyridinium,L-prolinate,670.33,1432.37,605.3,1152.29,10.74,24.31,1,2,Pyridinium,3.460079562002894,0.22437259827467304,1.6289419264544978
C=NC(CC(C)(N=NC)C(=O)O)n1cc[n+](F)c1.N[C@@H](CS)C(=O)[O-],18,0.532258064516129,1-butyl-3-methylimidazolium,L-cysteinate,1078.56,1199.73,576.6,1283.77,87.06,6.55,1,2,Imidazolium,5.8254938353904535,0.12155838065119005,1.123811667816602
CCCc1c[n+](N)c(N=N)c(SP)c1S.[Cl-],15,0.5179282868525896,1-butyl-3-methylimidazolium,chloride,773.18,1444.21,400.01,1310.59,93.29,10.2,1,2,Imidazolium,1.3924551502378126,0.30889835695172074,1.3990119414058129
CCCCCC(=O)NP(O)c1cn(C)c(O)[n+]1CO.N#CN=C=[N-],19,0.5301204819277109,1-butyl-3-methylimidazolium,dicyanoazanide,872.59,1508.56,625.48,1219.8,39.51,23.67,1,2,Imidazolium,1.415832585515448,0.056749912057205025,1.2975059469076449
CCCSCSCC(N)n1cc(C)[n+](CCC#N)c1.COP(=O)([O-])OC,19,0.5435684647302904,1-butyl-3-methylimidazolium,dimethylphosphate,1168.43,1196.41,764.34,1208.24,52.87,0.98,1,2,Imidazolium,5.430281380953928,0.07438479062311376,1.0883461237640348
COC(=O)c1cc(O)c[n+](S(C)=O)c1.N[C@@H](CS)C(=O)[O-],14,0.5123966942148761,1-ethyl-2-methylpyridinium,L-cysteinate,899.29,1455.36,499.29,1363.68,80.11,6.72,1,2,Pyridinium,0.8112211344136344,0.3480466118409788,1.231168597030576
NCC1=CC=CC=[N+]1P.N#C[C-](C#N)C#N,9,0.5423728813559322,1-ethyl-2-methylpyridinium,tricyanomethane,305.76,1430.99,375.29,1214.8,18.53,17.8,1,2,Pyridinium,3.3908327385976023,1.0646390234857621,1.903516801006588
CN=Nc1c[n+](CSCCNO)ccc1NC.N#C[S-],17,0.512,1-ethylpyridinium,thiocyanate,415.91,1338.2,485.74,1250.53,14.38,7.01,1,2,Pyridinium,0.8476850396847647,3.146379100416063,2.2651527965894505
CNCNn1cc[n+](NNC#N)c1.O=C([O-])[C@@H]1CCCN1,13,0.5041322314049587,triethyloctylammonium,L-prolinate,367.58,1326.5,635.17,1222.25,42.13,8.53,1,2,Ammonium,1.2623344487568935,2.057780293648439,2.188052429707948
Cc1cn(C)c[n+]1Sc1ccccc1N.C[C@@H](O)[C@H](N)C(=O)[O-],15,0.5228215767634855,1-butyl-3-methylimidazolium,L-threoninate,364.75,1304.65,529.19,1220.92,31.07,6.86,1,2,Imidazolium,1.1135226202204669,1.8862395216761536,2.1937643113386027
CN(CO)[n+]1ccccc1.CS(=O)(=O)[O-],10,0.5294117647058824,1-ethylpyridinium,methanesulfonate,214.4,1356.92,359.12,1305.48,40.3,3.94,1,2,Pyridinium,4.101762467724178,0.04648648987175058,1.3154827871605086
CC(N)C[n+]1ccn(C(O)C(N)N)c1.O=[N+]([O-])[O-],14,0.6517412935323383,1-butyl-3-methylimidazolium,nitrate,309.92,1451.51,468.77,1355.11,33.89,7.11,1,2,Imidazolium,0.9160870980682696,0.9977773017520188,1.8881541677198328
CNCc1cc[n+](C(O)COC)cc1.[Cl-],14,0.5773195876288659,1-butyl-2-methylpyridinium,chloride,273.44,1390.04,410.69,1185.72,33.42,17.23,1,2,Pyridinium,2.30484420887102,0.018048804205917802,1.6531186696725029
CC=CC[n+]1ccn(N(CC)P(O)C#N)c1.N#CN=C=[N-],16,0.5102040816326531,1-butyl-3-methylimidazolium,dicyanoazanide,301.34,1304.21,468.09,1157.28,35.62,12.7,1,2,Imidazolium,1.1413035811080765,0.5444945257413714,1.8187173825403529
COc1ccc[n+](C(PC)C(O)CO)c1.[Cl-],15,0.5394736842105263,1-ethyl-2-methylpyridinium,chloride,281.74,1367.12,388.02,1249.5,27.39,9.41,1,2,Pyridinium,4.487176431782794,0.5692493563114644,1.8005072793105896
Cn1cc[n+](CCN)c1.O=C([O-])C(F)(F)F,9,0.8114754098360656,1-ethyl-3-methylimidazolium,trifluoroacetate,320.41,1361.2,378.14,1325.54,15.27,2.69,1,2,Imidazolium,4.857589635860825,0.42587338378623296,1.944935430710434
COCC(O)Cn1cc[n+](C)c1C.[Cl-],13,0.6183574879227053,1-isobutyl-3-methylimidazolium,chloride,374.54,1312.14,365.82,1170.82,2.38,12.07,1,2,Imidazolium,1.0574274432653026,1.3508063723632455,2.1912145271985644
Cc1ccc[n+](C2CC2(N)C2CC2)c1.CCOS(=O)(=O)[O-],14,0.5371900826446281,3-cyano-1-octylpyridinium,ethylsulfate,396.07,1288.29,496.51,1222.86,20.23,5.35,1,2,Pyridinium,2.867682541471858,1.2633474390766923,2.26000533003008
CNC(CO)Cc1ccc[n+](C)c1.[Cl-],13,0.5327102803738317,1-ethyl-2-methylpyridinium,chloride,232.97,1349.92,371.85,1155.53,37.35,16.82,1,2,Pyridinium,1.6161759141693606,0.03635904685969258,1.4167328468550748
CCC(NO)C(N)Cn1cc[n+](S)c1.O=[N+]([O-])[O-],14,0.5885167464114832,1-butyl-3-methylimidazolium,nitrate,369.35,1284.68,426.78,1322.21,13.46,2.84,1,2,Imidazolium,3.2126093793092205,1.937029420514111,2.197008426432138
CCc1cccc[n+]1C(O)P.N#C[C-](C#N)C#N,11,0.6289752650176679,"1,2-diethylpyridinium",tricyanomethane,414.11,1360.81,421.78,1163.44,1.82,16.96,1,2,Pyridinium,4.833653837970693,2.9909526004306697,2.256462060209418
Cn1cc[n+](CO)c1.C[C@@H](O)[C@H](N)C(=O)[O-],8,0.6585365853658537,"1,3-dimethylimidazolium",L-threoninate,371.96,1388.35,398.25,1242.32,6.6,11.75,1,2,Imidazolium,2.2774804054902194,1.6016542758412349,2.156639559122924
C[n+]1ccc(OON)cc1.N#C[C-](C#N)C#N,10,0.5473684210526316,1-ethylpyridinium,tricyanomethane,270.56,1316.3,372.67,1244.78,27.4,5.75,1,2,Pyridinium,1.290757524502319,0.022915258341348815,1.6737610418014754
Cc1ccc(ON)c[n+]1C.CCOS(=O)(=O)[O-],10,0.5989583333333334,1-ethyl-2-methylpyridinium,ethylsulfate,285.5,1280.98,432.41,1289.72,33.97,0.68,1,2,Pyridinium,3.68750184206537,0.6060625614816508,1.8217034940638288
C[N+]1=CC=CC=C1S.[Br-],8,0.6043956043956044,1-ethylpyridinium,bromide,290.72,1400.37,212.41,1603.09,36.87,12.65,1,2,Pyridinium,1.8044441414375367,0.2583573921075465,1.7864634363312948
CC(CC#N)n1cc[n+](CO)c1.O=[N+]([O-])[O-],12,0.6878306878306878,1-butyl-3-methylimidazolium,nitrate,305.85,1388.27,353.48,1270.23,13.47,9.29,1,2,Imidazolium,2.2750447076104905,1.0705363968492678,1.9296690678668544
Cc1cc(O)cc[n+]1CCN.O=C([O-])[C@@H]1CCCN1,11,0.7303370786516854,1-ethyl-2-methylpyridinium,L-prolinate,389.11,1385.35,482.49,1161.02,19.35,19.32,1,2,Pyridinium,2.1743024487211002,1.2939979963750192,2.2202855058860624
C=Nc1cc(-n2c(CNO)cc[n+]2C)ccc1O.N#C[N-]C#N,18,0.5236220472440944,1-butyl-3-methylimidazolium,dicyanamide,409.15,1323.05,460.68,1239.19,11.19,6.77,1,2,Imidazolium,1.3951981366749755,2.0723048150416505,2.2517940568866983
CC(N)C(O)C(N)CCn1cc[n+](C)c1.O=[N+]([O-])[O-],15,0.7127659574468085,1-butyl-3-methylimidazolium,nitrate,283.65,1329.8,640.63,1243.89,55.72,6.91,1,2,Imidazolium,1.0877140757338295,0.6619295279035211,1.8141665326775145
CNC(C)(N)CNCC(O)c1cccc[n+]1NN.N#CN=C=[N-],18,0.5311203319502075,1-butyl-3-methylimidazolium,dicyanoazanide,379.13,1432.7,586.22,1200.3,35.33,19.36,1,2,Imidazolium,3.469618763244378,1.5535039764930296,2.1246276072059604
ClC[n+]1ccccc1.N#C[N-]C#N,8,0.7719298245614035,1-methylpyridinium,dicyanamide,337.3,1310.8,274.83,1230.84,22.73,6.5,1,2,Pyridinium,1.0127599051444462,0.4564046424541015,2.088485816396745
C[N+]1=CNC=C1P.N#C[C-](C#N)C#N,7,0.5529411764705883,"1,3-dimethylimidazolium",tricyanomethane,383.33,1385.27,313.23,1219.41,22.38,13.6,1,2,Imidazolium,2.170557155860036,1.7482713605313742,2.2202855058860624
C=NC(CC(C)C)[n+]1ccc(C#N)c(C)c1N.O=C([O-])C(F)(F)F,17,0.5180722891566265,1-ethyl-2-methylpyridinium,trifluoroacetate,830.7,1041.1,520.42,1190.49,59.62,12.55,1,2,Pyridinium,2.844185632028132,0.13382961406233562,1.2614537043617557
CCCCCC[n+]1c(C)cccc1N=C=S.[Cl-],16,0.5603448275862069,1-ethyl-2-methylpyridinium,chloride,546.97,1036.84,419.0,1075.41,30.54,3.59,1,2,Pyridinium,3.3374540969653506,0.8764110429308675,1.8551762320253329
CCC(P)CCCCC[n+]1c(P)ccc(C#N)c1N.C[C@@H](O)[C@H](N)C(=O)[O-],19,0.5438144329896907,3-cyano-1-octylpyridinium,L-threoninate,603.01,1041.85,726.0,1143.06,16.94,8.85,1,2,Pyridinium,2.701023336637553,0.8363353005513322,1.7572035614600037
CCCCCCC(F)C[N+]1(C)CCCCC1.N[C@@H](CS)C(=O)[O-],16,0.6082474226804123,"N,N,N-triethyldodecan-1-aminium",L-cysteinate,644.03,1000.01,710.25,1078.11,9.32,7.24,1,2,Aminium,1.0183646950381056,1.1836298924930453,1.5984551969149168
CCCCC1=NC=C[NH+]1CC.N#C[C-](C#N)C#N,11,0.5135135135135135,"N,N,N-triethyldodecan-1-aminium",tricyanomethane,529.91,983.34,443.9,1042.26,19.38,5.65,1,2,Aminium,1.077439547655919,1.394859086969761,1.7806097660726534
CCP(C)C(CF)(CCC#N)[NH2+]N.O=C([O-])C(F)(F)F,13,0.5163934426229508,triethyloctylammonium,trifluoroacetate,534.01,1068.14,493.95,1246.32,8.11,14.3,1,2,Ammonium,2.9658078704276623,1.3686110128008555,1.900967654666163
CCCC(CC)n1cc[n+](C(CC)SN)c1.CCCCCCCCOS(=O)(=O)[O-],16,0.6291079812206573,1-butyl-3-methylimidazolium,octyl sulfate,986.58,1075.73,849.95,1047.97,16.08,2.65,1,2,Imidazolium,1.4225362610529495,0.22730213348718364,1.1539709807286325
CCCC(CC)c1c(CPCF)ccc(N)[n+]1CF.O=C([O-])C(F)(F)F,19,0.5296442687747036,1-butyl-3-methylimidazolium,trifluoroacetate,832.37,989.83,611.72,1208.65,36.07,18.1,1,2,Imidazolium,0.8701602922163241,0.14048010983584708,1.2382371527882199
CCC[N+](C)(C)COOC.N[C@@H](CS)C(=O)[O-],10,0.525,"N,N,N-triethyldodecan-1-aminium",L-cysteinate,533.12,1122.7,492.48,1180.43,8.25,4.89,1,2,Aminium,2.444299011443161,1.3828144361909702,1.9700181717481933
CCCC(N)n1c[n+](C)c(N)c1CC(CC)CC.CCCCCCCCOS(=O)(=O)[O-],18,0.5317460317460317,1-butyl-3-methylimidazolium,octyl sulfate,981.73,929.84,943.77,1028.46,4.02,9.59,1,2,Imidazolium,0.0541314283513584,0.19400978914715966,1.1200537574172813
CCNC(=O)[SH]([NH3+])PCC(C)C1CC1.NCCCC[C@H](N)C(=O)[O-],14,0.5040650406504065,triethyloctylammonium,L-lysinate,660.9,880.3,748.6,1073.06,11.72,17.96,1,2,Ammonium,0.4440944014714793,0.4755831021535664,1.36404096932116
c1cn(c([n+]1C2CCCC2))CCCC.O=C([O-])[C@@H]1CCCN1,14,0.7570621468926554,1-butyl-3-methylimidazolium,L-prolinate,533.56,1094.25,615.33,1039.83,13.29,5.23,1,2,Imidazolium,3.9905342423243466,1.3773216038831706,1.9325112309080472
CCCCCC[N+]1(CCCC1)C.C[C@@H](O)[C@H](N)C(=O)[O-],12,0.8983050847457628,1-butyl-1-methylpyrrolidinium,L-threoninate,624.59,1031.08,626.01,1036.37,0.23,0.51,1,2,Pyrrolidinium,2.596203577030881,0.7031481388768434,1.6339298310362296
CCCCC(CC)CCCn1cc[n+](CCC#N)c1.COP(=O)([O-])OC,19,0.8220858895705522,1-butyl-3-methylimidazolium,dimethylphosphate,644.07,1092.71,719.47,1052.61,10.48,3.81,1,2,Imidazolium,3.6758675109255,1.1836298924930453,1.6900253070775189
CCCC(N)[n+]1c(F)c(PC)n(CCCl)c1N.CS(=O)(=O)[O-],17,0.5254901960784314,1-butyl-3-methylimidazolium,methanesulfonate,763.06,1027.19,557.73,1294.99,36.82,20.68,1,2,Imidazolium,1.7503235453482904,0.4771939446949339,1.329643609302021
CCCCCCC[n+]1ccc(CCC)cc1CC.N#C[N-]C#N,18,0.63125,"1,2-diethylpyridinium",dicyanamide,581.63,992.42,659.73,937.51,11.84,5.86,1,2,Pyridinium,0.676378768925893,0.3934052625366087,1.6936128934742294
CCCc1cn(CN)c[n+]1CCN(C)CCCCF.N#C[C-](C#N)C#N,19,0.5546218487394958,1-butyl-3-methylimidazolium,tricyanomethane,703.01,1098.71,731.15,1071.49,3.85,2.54,1,2,Imidazolium,3.8543783980840485,0.16947550691942814,1.5754431356030212
C[NH+](CCO)CC1CC1.NCCCC[C@H](N)C(=O)[O-],9,0.5542168674698795,"N,N,N-triethyldodecan-1-aminium",L-lysinate,513.49,1063.14,614.14,1098.19,16.39,3.19,1,2,Aminium,3.3604801161409914,1.0985917854509049,1.9994884782105968
CCCC[n+]1ccn(C)c1N.N#C[C-](C#N)C#N,11,0.7976190476190477,1-butyl-3-methylimidazolium,tricyanomethane,847.81,972.12,449.4,1084.23,88.65,10.34,1,2,Imidazolium,0.4642630843328973,0.2134550127360716,1.2312342238614369
CCCCCCn1c(N(C)CC)c(C)[n+](C)c1C.COS(=O)(=O)[O-],18,0.5296442687747036,1-butyl-3-methylimidazolium,methylsulfate,557.57,1021.79,650.09,1067.81,14.23,4.31,1,2,Imidazolium,1.0860410922232109,0.8365265581233239,1.8431705799416591
CCCCCc1cn(C(F)(C#N)C(F)Cl)c(N)[n+]1O.NCCCC[C@H](N)C(=O)[O-],19,0.5234375,1-butyl-3-methylimidazolium,L-lysinate,1496.74,979.48,707.2,1207.72,111.64,18.9,1,2,Imidazolium,0.989034815444324,7.773162541653067e-06,1.0253180589576782
C=Nc1c(C)ccc[n+]1CC(C)(C)N[SH](=O)=O.COP(=O)([O-])OC,17,0.5228215767634855,1-butyl-3-methylimidazolium,dimethylphosphate,649.89,1115.49,559.71,1279.42,16.11,12.81,1,2,Imidazolium,1.639371139543456,0.9376750294354634,1.7109798625691663
CCCCCCC1CC(=O)[NH+](C)C1(CCC)N=C=S.N#C[C-](C#N)C#N,19,0.5,1-butyl-3-methylimidazolium,tricyanomethane,913.31,1083.62,635.32,1056.67,43.76,2.55,1,2,Imidazolium,1.1347610439869351,0.30629954035390217,1.2091980513835896
CCCCCCCCCCC[n+]1ccn(CC)c1.O=C([O-])C(F)(F)F,18,0.9595375722543352,1-methyl-3-octyl-1H-imidazol-3-ium,trifluoroacetate,597.32,1073.02,707.12,1024.04,15.53,4.78,1,2,Imidazolium,1.97520005008852,0.6594688237326937,1.7960060672634797
CCC(c1c(N=C=S)[n+](C)c(N)n1CC)C(C)C.CS(=O)(=O)[O-],18,0.5254901960784314,1-butyl-3-methylimidazolium,methanesulfonate,619.55,969.52,556.44,1160.56,11.34,16.46,1,2,Imidazolium,0.469299157715404,0.6226273014705803,1.5613565307460031
c1c[n+](cn1CCC(C)C)C.COS(=O)(=O)[O-],11,0.9640287769784172,1-butyl-3-methylimidazolium,methylsulfate,415.89,1153.76,453.44,1167.04,8.28,1.14,1,2,Imidazolium,1.1397059265112706,3.146379100416063,2.216647281089963
CCC(CCCCF)Cn1cc[n+](ON)c1C.N[C@@H](CO)C(=O)[O-],17,0.5695652173913044,1-butyl-3-methylimidazolium,L-serinate,451.18,1032.8,654.92,1131.05,31.11,8.69,1,2,Imidazolium,2.9492227206411217,0.3952862682655433,2.0167598126381363
CCCCCC[n+]1ccn(C)c1CO.N#CN=C=[N-],14,0.6666666666666666,1-butyl-3-methylimidazolium,dicyanoazanide,401.2,1054.46,500.98,1047.35,19.92,0.68,1,2,Imidazolium,2.5263044487945048,1.8468291925849447,2.0873211724709524
CCCCC(C)C(C)CCSc1ccc(C)c[n+]1C.[Cl-],19,0.5093457943925234,1-butyl-2-methylpyridinium,chloride,391.15,1011.23,551.09,986.61,29.02,2.5,1,2,Pyridinium,2.654484177212449,1.144813404245836,2.0023820259309737
CCCc1cc(N)[n+](C)c(N)c1.COP(=O)([O-])OC,12,0.5435897435897435,1-butyl-2-methylpyridinium,dimethylphosphate,368.37,978.6,538.47,1204.96,31.59,18.79,1,2,Pyridinium,0.9258746811595036,2.0215779363589266,1.90356088054946
CCCCC(CCC)NCOC[n+]1ccn(C)c1S.O=[N+]([O-])[O-],19,0.5248868778280543,1-butyl-3-methylimidazolium,nitrate,480.59,1098.89,604.43,1125.62,20.49,2.37,1,2,Imidazolium,3.8108389380074703,0.3616613763697773,2.045418993758735
CCCNCCn1cc[n+](C)c1CO.CCCCCCCCOS(=O)(=O)[O-],14,0.5652173913043478,1-isobutyl-3-methylimidazolium,octyl sulfate,493.5,1082.51,762.99,1077.98,35.32,0.42,1,2,Imidazolium,1.0850297066078562,0.9776638311973134,2.0231533917196023
CCC[n+]1cc[nH]c1.C[C@@H](O)[C@H](N)C(=O)[O-],8,0.7983870967741935,1-methyl-3-propylimidazolium,L-threoninate,502.09,1120.93,439.27,1136.62,14.3,1.38,1,2,Imidazolium,2.372812090597726,1.6066378478281298,2.066141685299045
CCC(C)n1cc[n+](C)c1.[Cl-],10,0.8435374149659864,1-methyl-3-propylimidazolium,chloride,374.83,1118.57,301.15,1058.87,24.47,5.64,1,2,Imidazolium,2.1107359800385863,1.3403208396767343,2.1172536514752966
CCCC[n+]1cc[nH]c1.COP(=O)([O-])OC,9,0.8208955223880597,1-butyl-3-methylimidazolium,dimethylphosphate,484.88,1043.82,425.28,1161.93,14.01,10.16,1,2,Imidazolium,2.3232038230859144,0.3757984565927193,1.9616915045366108
CC[n+]1cccc(c1(CCCCC)).N#C[N-]C#N,13,0.8047808764940239,"1,2-diethylpyridinium",dicyanamide,447.64,1029.82,469.82,984.91,4.72,4.56,1,2,Pyridinium,2.323286537672223,0.3902682757932331,2.0167598126381363
CCC[NH+](CC)CC.C[C@@H](O)[C@H](N)C(=O)[O-],8,0.6097560975609756,tributylmethylammonium,L-threoninate,445.4,1052.86,512.27,1026.32,13.05,2.59,1,2,Ammonium,2.3410292838447377,0.3858128866706572,2.044552334533575
CCC(C)CCCCC[n+]1ccc(C)cc1.[Cl-],16,0.8601398601398601,1-butyl-2-methylpyridinium,chloride,361.51,998.95,488.85,949.52,26.05,5.21,1,2,Pyridinium,0.8584578302033677,1.2626489812033437,1.9471727138768111
C1COCC[N+]1.O=C([O-])[C@@H]1CCCN1,6,0.5161290322580645,1-methyl-3-octyl-1H-imidazol-3-ium,L-prolinate,407.13,1112.36,366.15,1178.11,11.19,5.58,1,2,Imidazolium,1.2936546500886892,1.868037482174192,2.1594714499491867
CCCCc1c[n+](NC)ccc1C.C[C@@H](O)[C@H](N)C(=O)[O-],13,0.5205479452054794,1-ethyl-2-methylpyridinium,L-threoninate,332.47,1092.24,557.64,1056.34,40.38,3.4,1,2,Pyridinium,3.5287995719297838,1.2623052252292122,2.000072776030965
CCc1c[nH]c[n+]1C.N#C[N-]C#N,8,0.5208333333333334,"1,3-dimethylimidazolium",dicyanamide,322.29,1018.21,316.75,1090.94,1.75,6.67,1,2,Imidazolium,1.3787332065077942,0.5382857503703591,1.801779855139356
CCC(C)CCCCCC[n+]1cccc(C#N)c1.N[C@@H](CS)C(=O)[O-],18,0.9547511312217196,3-cyano-1-octylpyridinium,L-cysteinate,467.04,1100.06,829.79,1055.49,43.72,4.22,1,2,Pyridinium,3.54606121819388,0.7362823750585195,2.1199370798713257
CCCCCC(CC)CC[N+]1(C)CCOCC1.O=C([O-])C(F)(F)F,17,0.6210526315789474,"N,N,N-triethyldodecan-1-aminium",trifluoroacetate,460.98,1053.0,649.91,1091.09,29.07,3.49,1,2,Aminium,2.357981116488582,0.5959190207743795,2.044552334533575
CCCC[N+]1=C(NC=C1)C2=CC=CC=C2.C[C@@H](O)[C@H](N)C(=O)[O-],15,0.5813953488372093,1-butyl-3-methylimidazolium,L-threoninate,443.41,1145.35,598.75,1119.99,25.94,2.26,1,2,Imidazolium,2.234093534487397,0.3955744419116822,2.2078627899853718
CCC[n+]1c(C)cccc1C(C)CC.[Cl-],14,0.643312101910828,"1,2-diethylpyridinium",chloride,333.89,1063.17,431.09,980.78,22.55,8.4,1,2,Pyridinium,3.3604801161409914,0.9625773717336444,1.9697969595104607
CCC(CCCCC[n+]1cccc(C)c1)C(C)NO.N[C@@H](CS)C(=O)[O-],19,0.7435897435897436,N-octyl-3-methylpyridinium,L-cysteinate,504.36,1110.2,717.61,1077.19,29.72,3.06,1,2,Pyridinium,1.2339166450770578,1.5694066167037632,2.055981964054421
CCCCn1cc[n+](c1)CCCCCCO.N#C[N-]C#N,16,0.9005524861878453,3-hexyl-1-methylimidazolium,dicyanamide,446.38,1069.38,592.71,1027.38,24.69,4.09,1,2,Imidazolium,2.786436329423768,0.3873080957489964,2.0711220780352884
CC(C)C(C)CCC[n+]1ccc(C#N)c(N)c1.N[C@@H](CS)C(=O)[O-],17,0.6254545454545455,1-hexyl-4-cyanopyridinium,L-cysteinate,434.79,1033.12,693.69,1109.09,37.32,6.85,1,2,Pyridinium,3.0123649332011238,1.0633551955595226,2.0509945567657777
CCNCC[n+]1ccc(C#N)cc1NC.O=C([O-])C(F)(F)F,15,0.5309734513274337,1-ethyl-2-methylpyridinium,trifluoroacetate,430.95,1118.21,538.54,1229.17,19.98,9.03,1,2,Pyridinium,2.055731504087532,1.3478040240692597,2.1783172801036823
CCOCCCCn1cc[n+](C)c1.NCCCC[C@H](N)C(=O)[O-],13,0.8589743589743589,1-butyl-3-methylimidazolium,L-lysinate,493.56,1062.27,670.25,1057.34,26.36,0.47,1,2,Imidazolium,3.385364266207012,0.9898982232019786,1.9994884782105968
CCCCc1c(C)cc(C)c[n+]1CCCNCC.COS(=O)(=O)[O-],18,0.5579399141630901,1-ethyl-2-methylpyridinium,methylsulfate,427.2,1129.73,638.26,1075.8,33.07,5.01,1,2,Pyridinium,1.7006072189441184,1.4788214149298915,2.188680511461978
CCCCCCC[n+]1cc(CC)cc(N=C=O)c1.CS(=O)(=O)[O-],18,0.5457142857142857,3-cyano-1-octylpyridinium,methanesulfonate,510.35,1040.71,600.88,1101.77,15.07,5.54,1,2,Pyridinium,2.918270313861239,1.221075626527115,1.9616915045366108
CCCCCN[n+]1ccn(C)c1C.N#C[N-]C#N,13,0.5,1-butyl-3-methylimidazolium,dicyanamide,497.13,1064.34,468.4,1020.38,6.13,4.31,1,2,Imidazolium,3.2928471352111783,1.349365809922322,1.9994884782105968
C#Cc1c[n+](CCC)c(CC)c(NC)c1N.NCCS(=O)(=O)[O-],16,0.5176470588235295,1-butyl-3-methylimidazolium,2-aminoethanesulfonate,434.38,1064.41,596.01,1189.53,27.12,10.52,1,2,Imidazolium,3.2877980540934915,1.1066779024821594,2.106520157234077
Cn1cc[n+](c1)COCCCCCC.N#CN=C=[N-],14,0.5454545454545454,1-butyl-3-methylimidazolium,dicyanoazanide,380.81,1046.27,527.59,1029.07,27.82,1.67,1,2,Imidazolium,1.9711038729149903,1.6949473485972049,2.073929999724321
CCc1c(C)c(C)c(F)[n+](CC)c1C.COP(=O)([O-])OC,14,0.5241935483870968,1-ethyl-2-methylpyridinium,dimethylphosphate,469.05,1072.74,551.45,1131.91,14.94,5.23,1,2,Pyridinium,2.0471344998940126,0.7391091072041361,2.083896808737629
CCCCCCn1cc(N)[n+](C)c1.COP(=O)([O-])OC,13,0.73224043715847,1-butyl-3-methylimidazolium,dimethylphosphate,432.66,969.24,554.41,1128.66,21.96,14.12,1,2,Imidazolium,0.4716141482531834,1.25913990833338,1.9277127822258917
CCC[NH+](CC)CC.N#C[C-](C#N)C#N,8,0.6097560975609756,tributylmethylammonium,tricyanomethane,378.52,979.58,415.36,983.25,8.87,0.37,1,2,Ammonium,0.992808583733804,1.502536952778407,1.90356088054946
CCCCCCCC[n+]1cccc(P)c1N=O.O=C([O-])C(F)(F)F,17,0.5381165919282511,1-butyl-2-methylpyridinium,trifluoroacetate,470.43,1048.44,558.62,1163.89,15.79,9.92,1,2,Pyridinium,1.9025036810907938,0.7213075999907486,2.044552334533575
CCCCC(CC)[n+]1ccn(CC)c1C.CS(=O)(=O)[O-],15,0.6473429951690821,1-butyl-3-methylimidazolium,methanesulfonate,510.51,1123.62,579.81,1051.14,11.95,6.9,1,2,Imidazolium,2.4305766477776105,1.2143756618033597,2.0758811629752327
CCn1c[n+](C)c(NC(C)=O)c1P.N#CN=C=[N-],13,0.5203252032520326,1-butyl-3-methylimidazolium,dicyanoazanide,492.72,1006.76,464.36,1202.31,6.11,16.26,1,2,Imidazolium,2.564873062732308,0.9052887713869882,1.9077938207995484
c1c[n+](cn1CCC(C)C)C.N#C[C-](C#N)C#N,11,0.9640287769784172,1-butyl-3-methylimidazolium,tricyanomethane,473.8,1015.56,455.18,1026.35,4.09,1.05,1,2,Imidazolium,1.9257462567518058,0.6118913973225225,1.9879104792600135
CCCCn1cc[n+](C2(CCC)CCCC2)c1.N#C[S-],17,0.67,1-butyl-3-methylimidazolium,thiocyanate,506.88,1046.37,544.41,1001.54,6.89,4.48,1,2,Imidazolium,1.9583612178255465,1.4367825738724216,1.9745720848202588
CCCCC[n+]1ccn(CCCl)c1.[Cl-],13,0.8322981366459627,1-butyl-3-methylimidazolium,chloride,461.74,1106.35,390.14,1107.3,18.35,0.09,1,2,Imidazolium,1.6387688494036081,0.6189998462054416,2.1311232962646915
C=CC[n+]1cn(CCC#N)c(C)c1N.N#C[C-](C#N)C#N,14,0.5641025641025641,1-butyl-3-methylimidazolium,tricyanomethane,462.09,1075.43,445.73,1124.54,3.67,4.37,1,2,Imidazolium,1.4686078685116717,0.6286963874684961,2.083896808737629
CC[n+]1ccn(CF)c1.NCCCC[C@H](N)C(=O)[O-],9,0.7734375,1-ethyl-3-methylimidazolium,L-lysinate,509.5,1098.49,541.11,1142.0,5.84,3.81,1,2,Imidazolium,3.894602777751517,1.2712103631848408,2.045418993758735
CCCCc1cn(CC)c[n+]1CC.N#CN=C=[N-],13,0.5555555555555556,1-butyl-3-methylimidazolium,dicyanoazanide,454.81,1018.29,485.91,983.69,6.4,3.52,1,2,Imidazolium,1.3670498306658596,0.4305243695702791,1.9879104792600135
CN(CNO)c1cc[n+](CCCP)cc1.C[C@@H](O)[C@H](N)C(=O)[O-],15,0.5614035087719298,1-ethylpyridinium,L-threoninate,400.83,1085.42,621.8,1200.63,35.54,9.6,1,2,Pyridinium,1.3447776198737178,1.8219234096245531,2.125275974008748
C=CC[NH+](CC)CCCC.NCCS(=O)(=O)[O-],10,0.6779661016949152,tributylmethylammonium,2-aminoethanesulfonate,457.13,1126.38,542.6,1113.05,15.75,1.2,1,2,Ammonium,2.193388561303916,0.4823384967072683,2.1521405461385688
c1c(C)c(CC)[n+](cc(C)1)CCCCCC.N#C[S-],16,0.5803571428571429,1-ethyl-2-methylpyridinium,thiocyanate,468.21,1003.92,523.44,963.25,10.55,4.22,1,2,Pyridinium,1.9141634004621542,0.7419652621812843,1.9581696497909105
Cn1cc[n+](CC(P)c2ccccc2)c1.O=[N+]([O-])[O-],15,0.5748792270531401,1-isobutyl-3-methylimidazolium,nitrate,405.65,1173.52,417.69,1234.1,2.88,4.91,1,2,Imidazolium,1.856870803544236,1.84222798439515,2.221778316741365
CCO[n+]1cc(C)n(C(C)CC#N)c1.CC(=O)[O-],14,0.5512820512820513,1-butyl-3-methylimidazolium,acetate,292.49,1238.73,443.13,1067.71,33.99,16.02,1,2,Imidazolium,3.7351838835960787,0.2676782879627976,1.822213066852966
CC(NO)n1ccc[n+]1C.CS(=O)(=O)[O-],10,0.5073170731707317,1-ethyl-2-methylpyridinium,methanesulfonate,253.35,1255.64,353.91,1307.59,28.41,3.97,1,2,Pyridinium,1.5092624144178506,0.0923517407254484,1.5446836170812832
NCCc1cc(N)cc(CN2C=C[NH+](N)C2)c1.N[C@@H](CO)C(=O)[O-],17,0.5449101796407185,1-benzyl-3-methyl-1H-imidazolium,L-serinate,285.61,1188.59,607.6,1278.36,52.99,7.02,1,2,Imidazolium,3.358129955177793,0.5970778918559587,1.8128189044911087
CCCn1cc[n+](CCC(C)CNC)c1.O=[N+]([O-])[O-],15,0.8427672955974843,1-butyl-3-methylimidazolium,nitrate,314.78,1130.78,543.43,1082.25,42.08,4.48,1,2,Imidazolium,1.5948698086573765,0.5548512292773173,1.9228239235456928
C#Cc1c[n+](C)ccc1N.CS(=O)(=O)[O-],10,0.5169491525423728,1-ethylpyridinium,methanesulfonate,319.2,1126.19,317.96,1302.81,0.39,13.56,1,2,Pyridinium,2.2134394962733066,0.4086690993746385,1.9164176252606595
CC[n+]1cc(C)cc(O)c1.O=[N+]([O-])[O-],10,0.602510460251046,1-butyl-3-methylpyridinium,nitrate,189.51,1249.14,324.75,1211.63,41.64,3.1,1,2,Pyridinium,2.019509617032555,0.09984200830120513,1.1732132417545995
Cc1ccc[n+](CCN)c1.O=[N+]([O-])[O-],10,0.7663043478260869,1-butyl-3-methylpyridinium,nitrate,255.35,1266.54,333.53,1216.24,23.44,4.14,1,2,Pyridinium,1.1059590533755872,0.05120220569107566,1.544499273793624
C2=CN(C=[N+]2CCC#N)CCOC.N#C[S-],13,0.7654320987654321,1-methyl-3-propylimidazolium,thiocyanate,391.88,1215.52,386.62,1163.37,1.36,4.48,1,2,Imidazolium,2.5962761415588327,1.1102076410332045,2.2489494737427838
CCc1ccc[n+](C)c1.CS(=O)(=O)[O-],9,0.6708860759493671,1-butyl-3-methylpyridinium,methanesulfonate,361.3,1215.93,355.75,1181.48,1.56,2.92,1,2,Pyridinium,2.5559545780992843,1.2249539143626176,2.1887396365251233
ONS[n+]1ccccc1O.O=[N+]([O-])[O-],10,0.5181818181818182,1-ethylpyridinium,nitrate,394.43,1346.94,281.55,1483.41,40.09,9.2,1,2,Pyridinium,1.0697425914598309,1.1310510400089386,2.24378836311846
CN=Nc1c[n+](C)cn1CC(C)(O)CNC.CCOS(=O)(=O)[O-],16,0.5473251028806584,1-butyl-3-methylimidazolium,ethylsulfate,386.6,1275.32,565.67,1219.0,31.66,4.62,1,2,Imidazolium,3.2979736884669797,1.5344074703570345,2.260407873214107
CNN(N)c1cn(C(C)(O)C(C)C)c[n+]1C.CC(=O)[O-],16,0.5491803278688525,1-butyl-3-methylimidazolium,acetate,305.46,1176.97,519.53,1105.38,41.2,6.48,1,2,Imidazolium,1.9122195846512409,1.0386838787168624,1.948559700647699
COCCCN[n+]1ccccc1.NCCCC[C@H](N)C(=O)[O-],12,0.5333333333333333,1-ethylpyridinium,L-lysinate,326.69,1197.96,637.73,1096.11,48.77,9.29,1,2,Pyridinium,5.709438551566651,1.3602191384349498,2.0821019194313157
Cn1c[n+](CCC#CN)cc1N.O=S(=O)([O-])C(F)(F)F,12,0.6858638743455497,1-butyl-3-methylimidazolium,trifluoromethanesulfonate,327.66,1158.77,409.79,1438.1,20.04,19.42,1,2,Imidazolium,0.9490269223156136,1.5372142123563763,2.0624911975524243
CCOC[n+]1ccccc1Cl.[Br-],11,0.5178571428571429,1-ethylpyridinium,bromide,250.52,1297.72,284.46,1492.08,11.93,13.03,1,2,Pyridinium,1.7968176492492602,0.1589392689596377,1.5424738869216998
CC=C(Nn1cc[n+](C)c1)OC.O=S(=O)([O-])C(F)(F)F,12,0.5209302325581395,1-butyl-3-methylimidazolium,trifluoromethanesulfonate,214.69,1283.17,434.63,1349.9,50.6,4.94,1,2,Imidazolium,3.4120019028595583,0.04959309529596617,1.3221129413615234
C[n+]1cccc(CS)c1.CS(=O)(=O)[O-],9,0.6928104575163399,1-butyl-3-methylpyridinium,methanesulfonate,354.16,1453.88,348.68,1310.71,1.57,10.92,1,2,Pyridinium,0.8389868491016635,0.38730342523981776,2.105627557234327
CC[n+]1cccc(CN)c1.O=[N+]([O-])[O-],10,0.7093596059113301,1-butyl-3-methylpyridinium,nitrate,244.14,1269.06,333.31,1215.92,26.75,4.37,1,2,Pyridinium,1.5663312649949896,0.09276059535722746,1.544499273793624
Cn1cc[n+](OCc2ccccc2ON)c1.CCCCCCCCOS(=O)(=O)[O-],16,0.5080645161290323,triethyloctylammonium,octyl sulfate,401.25,1267.96,801.77,1158.05,49.95,9.49,1,2,Ammonium,1.3339504497736083,1.852176486468586,2.2601467716478743
CCCCC[n+]1ccc(C#N)cc1.COP(=O)([O-])OC,13,0.9767441860465116,1-hexyl-4-cyanopyridinium,dimethylphosphate,421.52,1255.14,549.83,1137.75,23.34,10.32,1,2,Pyridinium,1.5805762152082354,2.3666991646248268,2.2735100053966004
CC(=O)CCn1cc[n+](C)c1C.[Cl-],12,0.7165775401069518,1-butyl-3-methylimidazolium,chloride,419.17,1278.1,317.89,1132.63,31.86,12.84,1,2,Imidazolium,3.746096213669375,2.8886059146266136,2.2754349439690915
CCc1cc(Cl)cc[n+]1C.N[C@@H](CO)C(=O)[O-],10,0.7028112449799196,"1,2-diethylpyridinium",L-serinate,400.28,1335.15,462.51,1221.03,13.45,9.35,1,2,Pyridinium,0.8518459283714654,1.774452961978902,2.2481110350373394
C=C(C[n+]1ccc(OC)cc1)OCC.N#C[C-](C#N)C#N,14,0.5765765765765766,1-ethylpyridinium,tricyanomethane,291.35,1204.08,481.29,1096.54,39.46,9.81,1,2,Pyridinium,4.723148778147127,0.2534451576481498,1.817748529239794
C#C[n+]1ccc(N(C)COC)c(C)c1.C[C@@H](O)[C@H](N)C(=O)[O-],14,0.5163934426229508,1-ethylpyridinium,L-threoninate,303.17,1120.79,569.93,1151.43,46.81,2.66,1,2,Pyridinium,2.3611706666246106,0.7489426687793721,1.909615734869226
CC1=CC(NCNO)=CC=[N+]1C.C[C@@H](O)[C@H](N)C(=O)[O-],12,0.6243386243386243,1-ethyl-2-methylpyridinium,L-threoninate,239.33,1151.02,500.2,1214.63,52.15,5.24,1,2,Pyridinium,1.314739906118898,0.0400300434254063,1.4146359269823798
CP(N)C(C)(N)CCN[n+]1ccccc1CF.N#CN=C=[N-],17,0.51931330472103,1-ethyl-2-methylpyridinium,dicyanoazanide,326.33,1122.46,541.97,1185.46,39.79,5.31,1,2,Pyridinium,2.441421800866562,1.2751125454451366,1.9164176252606595
Cc1c[n+](C)cn1C.[Cl-],8,0.5869565217391305,"1,3-dimethylimidazolium",chloride,263.91,1121.2,309.31,810.21,14.68,38.38,1,2,Imidazolium,2.3935703232620438,0.02203039413396709,1.6449069623878216
C=Nc1cccc[n+]1CCCC.COP(=O)([O-])OC,12,0.5846153846153846,1-butyl-2-methylpyridinium,dimethylphosphate,416.26,1055.65,509.28,1138.98,18.27,7.32,1,2,Pyridinium,2.67733213793984,3.15177301196386,2.0931394261355094
Cn1cc(N)[n+](C)c1.O=C([O-])C(F)(F)F,8,0.6067415730337079,"1,3-dimethylimidazolium",trifluoroacetate,358.74,1083.11,331.23,1358.27,8.31,20.26,1,2,Imidazolium,1.1059821517300514,0.7288976722184946,2.075983789388926
CCCCN(C)C(C)[n+]1ccc(N)c(N)c1.O=S(=O)([O-])C(F)(F)F,16,0.5286343612334802,1-ethyl-2-methylpyridinium,trifluoromethanesulfonate,400.88,1110.42,548.39,1256.76,26.9,11.64,1,2,Pyridinium,1.2316546602784892,1.828671922104922,2.1594714499491867
CCOCCn1cc[n+](C)c1.N#CN=C=[N-],11,0.8785714285714286,1-(2-hydroxyethyl)-3-methylimidazolium,dicyanoazanide,302.98,1107.31,399.77,1091.77,24.21,1.42,1,2,Imidazolium,1.464702141896571,0.7298123018713969,1.9024297844044484
C#Cc1ccc[n+](C(CCCC2CC2N)C2CC2)c1.N[C@@H](CO)C(=O)[O-],19,0.5975232198142415,3-cyano-1-octylpyridinium,L-serinate,381.84,1129.91,652.15,1106.68,41.45,2.1,1,2,Pyridinium,1.6736258448633203,1.7422430207806217,2.179918368696597
CCCC1=C(O)C(N(C)C)=C(CC)C=[N+]1C.COS(=O)(=O)[O-],16,0.515625,1-butyl-3-methylimidazolium,methylsulfate,430.72,1118.52,573.78,1166.17,24.93,4.09,1,2,Imidazolium,2.0999263887563284,1.3555504000366143,2.1783172801036823
CCc1c[n+](C(C)P)cn1CC.O=[N+]([O-])[O-],12,0.5409090909090909,1-butyl-3-methylimidazolium,nitrate,410.93,1168.74,405.61,1150.6,1.31,1.58,1,2,Imidazolium,1.5999115801989865,2.3926113755171756,2.221778316741365
CCCCc1[nH]cc[n+]1C.N[C@@H](CO)C(=O)[O-],10,0.5,"1,3-dimethylimidazolium",L-serinate,377.67,1151.0,484.29,1113.47,22.02,3.37,1,2,Imidazolium,1.314739906118898,1.4232496217496162,2.1509152461986982
C#CN(CCC)N(C)c1c(N)ccc(N)[n+]1C.O=S(=O)([N-]S(=O)(=O)C(F)(F)F)C(F)(F)F,17,0.5137254901960784,1-butyl-3-methylimidazolium,bis[(trifluoromethyl)sulfonyl]imide,363.1,1161.21,617.12,1424.08,41.16,18.46,1,2,Imidazolium,0.9294081054919824,1.6144664401995112,2.158024448080627
CCOC(C)Cn1cc[n+](C)c1.N#CN=C=[N-],12,0.7045454545454546,1-methyl-3-propylimidazolium,dicyanoazanide,353.79,1101.05,447.95,1071.76,21.02,2.73,1,2,Imidazolium,3.2386369314749817,0.38244710643597796,2.0975023658201595
CC[n+]1c(C)cc(N)cc1CN.COS(=O)(=O)[O-],12,0.6310679611650486,1-ethyl-2-methylpyridinium,methylsulfate,291.44,1162.14,457.42,1278.2,36.29,9.08,1,2,Pyridinium,0.954844088128208,0.2535217033187749,1.8025794117522225
C[n+]1ccn(CCCCC(N)F)c1.N[C@@H](CS)C(=O)[O-],13,0.8655913978494624,3-methyl-1-pentylimidazolium,L-cysteinate,426.76,1117.45,530.89,1214.63,19.61,8.0,1,2,Imidazolium,1.9403426067260343,1.505190779091807,2.1783172801036823
Cc1cc(N(C)C)cc[n+]1N.N[C@@H](CS)C(=O)[O-],11,0.5391304347826087,1-ethylpyridinium,L-cysteinate,346.15,1126.27,476.64,1208.88,27.38,6.83,1,2,Pyridinium,2.2034950340021866,0.4123886921274335,2.0348869286386257
C#Cc1cn(CCCC)c[n+]1C.CCOS(=O)(=O)[O-],12,0.6767676767676768,1-butyl-3-methylimidazolium,ethylsulfate,440.65,1102.26,463.46,1156.72,4.92,4.71,1,2,Imidazolium,2.8434621202023744,0.4869283556444086,2.156138321711808
Cn1cc[n+](CCCC(N)F)c1.COS(=O)(=O)[O-],12,0.8815789473684209,1-butyl-3-methylimidazolium,methylsulfate,370.22,1202.96,477.11,1319.23,22.4,8.81,1,2,Imidazolium,5.153939090626371,1.84306490396025,2.1808450708063294
CCc1c(N)c[n+](CCCCC(C)NC)cc1C#N.C[C@@H](O)[C@H](N)C(=O)[O-],19,0.5555555555555556,3-cyano-1-octylpyridinium,L-threoninate,340.32,1085.16,912.74,1088.8,62.71,0.33,1,2,Pyridinium,1.2980107107231664,0.361118186742724,1.9903510218792353
CCC[n+]1ccn(CC(C)O)c1.N#C[C-](C#N)C#N,12,0.775,1-methyl-3-propylimidazolium,tricyanomethane,398.21,1121.48,459.23,1086.21,13.29,3.25,1,2,Imidazolium,2.4068819332990423,1.5384367108591894,2.169942393639283
COC[n+]1ccc(N)n1-c1ccccc1.N#C[N-]C#N,15,0.5121951219512195,1-butyl-3-methylimidazolium,dicyanamide,262.83,1148.51,444.81,1194.33,40.91,3.84,1,2,Imidazolium,1.6535468191834874,0.02881856875488104,1.6606658356472728
c1cc[n+](cc1)CCCO.NCCCC[C@H](N)C(=O)[O-],10,0.8910891089108911,1-propylpyridinium,L-lysinate,387.83,1171.56,602.75,1123.74,35.66,4.26,1,2,Pyridinium,1.813657371516899,1.418243590272949,2.221778316741365
CN=Nc1ccc(-c2[nH]cc[n+]2C)cc1.N[C@@H](CO)C(=O)[O-],15,0.5121951219512195,1-ethylpyridinium,L-serinate,223.01,1157.79,545.91,1231.99,59.15,6.02,1,2,Pyridinium,0.9817700519067778,0.06356839843667543,1.4164581735105886
CCCC[n+]1ccc(N(C)C)c(c1).O=C([O-])C(F)(F)F,13,0.6510067114093959,1-butylpyridinium,trifluoroacetate,407.88,1110.73,499.3,1151.1,18.31,3.51,1,2,Pyridinium,1.2324884610000049,1.920734151293865,2.1594714499491867
CCCCCNCCC(CC)n1cc(N)[n+](C)c1.O=S(=O)([O-])C(F)(F)F,18,0.616822429906542,1-butyl-3-methylimidazolium,trifluoromethanesulfonate,445.49,1090.01,710.73,1174.43,37.32,7.19,1,2,Imidazolium,2.7368798771630467,0.3858746310260209,2.108324256750133
CCCC(C1CC1)[n+]1ccn(CC)c1.O=C([O-])C(F)(F)F,14,0.6802030456852792,1-butyl-3-methylimidazolium,trifluoroacetate,431.87,1141.42,511.02,1099.18,15.49,3.84,1,2,Imidazolium,2.4626115223024168,1.3043212689071282,2.2078627899853718
CCCn1c[n+](C)cc1N.N#C[S-],10,0.7303370786516854,1-butyl-3-methylimidazolium,thiocyanate,277.16,1101.63,346.76,1139.32,20.07,3.31,1,2,Imidazolium,3.0694351045196213,0.12131779652788267,1.6354254761468692
CCC[n+]1ccc(C)c(C#N)c1.[Cl-],12,0.7698412698412699,1-butyl-3-cyanopyridinium,chloride,300.05,1116.34,305.78,1087.55,1.87,2.65,1,2,Pyridinium,1.763542255378787,0.4612667826082566,1.7783434151575253
COC(C)C[n+]1cc[nH]c1-c1ccc(N)cc1.N#C[N-]C#N,17,0.5404255319148936,1-butyl-3-methylimidazolium,dicyanamide,309.27,1118.06,509.33,1172.77,39.28,4.67,1,2,Imidazolium,2.0331309030030735,1.054834300397785,1.909615734869226
CCCCc1cn(C)c[n+]1CO.O=[N+]([O-])[O-],12,0.5398230088495575,1-butyl-3-methylimidazolium,nitrate,263.03,1185.29,399.65,1157.14,34.18,2.43,1,2,Imidazolium,2.5662046753047165,0.027605795703520886,1.6718311721866466
CCC[N+](C)(C)CC.O=C([O-])C(F)(F)F,8,0.6829268292682927,tributylmethylammonium,trifluoroacetate,381.57,1135.04,413.33,1162.22,7.68,2.34,1,2,Ammonium,1.7544774968105907,1.732655060504133,2.189381605967456
Cc1ccc(C[n+]2cc(N)n(C)c2)cc1OO.COS(=O)(=O)[O-],17,0.584070796460177,1-benzyl-3-methyl-1H-imidazol-3-ium,methylsulfate,346.51,1170.32,576.61,1314.42,39.91,10.96,1,2,Imidazolium,1.74251433403543,0.4137023741245846,2.0681695650133407
Cc1c[n+](C)cc(N)c1N=C=O.N[C@@H](CO)C(=O)[O-],12,0.5333333333333333,1-ethyl-2-methylpyridinium,L-serinate,318.69,1113.64,492.48,1286.91,35.29,13.46,1,2,Pyridinium,1.4027674380832673,0.4110659141817475,1.909615734869226
CCCc1c[n+](C)cn1OCCC(C)C.N[C@@H](CS)C(=O)[O-],15,0.5170940170940171,1-butyl-3-methylimidazolium,L-cysteinate,376.32,1093.34,639.31,1059.49,41.14,3.19,1,2,Imidazolium,3.8189742889330818,1.3428887216891885,2.0869550505660293
CCCC(F)CC[n+]1ccc(C)cc1.O=[N+]([O-])[O-],14,0.8145695364238411,1-butyl-2-methylpyridinium,nitrate,380.65,1115.63,454.97,1103.83,16.34,1.07,1,2,Pyridinium,1.6612945140002722,1.6830017889091635,2.1172536514752966
CCCc1cn(C)c[n+]1C(F)CCC.O=C([O-])C(F)(F)F,14,0.575107296137339,1-butyl-3-methylimidazolium,trifluoroacetate,376.7,1129.91,510.87,1143.85,26.26,1.22,1,2,Imidazolium,1.6736258448633203,1.3625990310421032,2.126423250604047
CCPc1c[n+](S)cn1CCC(C)C(O)Cl.N[C@@H](CO)C(=O)[O-],16,0.5454545454545454,1-butyl-3-methylimidazolium,L-serinate,519.53,1479.67,609.07,1257.08,14.7,17.71,1,2,Imidazolium,0.925775920083597,1.1524327134233223,1.9821685627734544
CNC(CPC)C(O)n1c[n+](CCCCN)cc1O.CS(=O)(=O)[O-],19,0.5403225806451613,1-butyl-3-methylimidazolium,methanesulfonate,564.03,1512.29,641.72,1224.27,12.11,23.53,1,2,Imidazolium,1.4363413775344658,0.9607639552021884,1.8439831341316388
C[n+]1cccc(C(=O)OCN=N)c1.O=C([O-])[C@@H]1CCCN1,13,0.5420560747663551,1-ethyl-2-methylpyridinium,L-prolinate,565.77,1380.82,455.68,1227.21,24.16,12.52,1,2,Pyridinium,1.9810095513304995,0.9579674216928704,1.9102976731221382
Cc1c(P)n(COCCS)c[n+]1P.N[C@@H](CO)C(=O)[O-],13,0.5267489711934157,1-butyl-3-methylimidazolium,L-serinate,541.4,1463.04,526.1,1318.93,2.91,10.93,1,2,Imidazolium,0.8126853871338168,1.1065788464665616,1.990063815179464
PC[n+]1cccc(S)c1S.NCCCC[C@H](N)C(=O)[O-],10,0.5297029702970297,1-ethyl-2-methylpyridinium,L-lysinate,641.29,1463.33,620.21,1267.44,3.4,15.46,1,2,Pyridinium,0.8145079955419168,1.2812778425800366,1.7448507889005591
CCc1c(O)c(P)[n+](PC)c(O)c1P.CC(=O)[O-],14,0.5176470588235295,1-butyl-3-methylimidazolium,acetate,620.61,1447.14,439.97,1269.22,41.06,14.02,1,2,Imidazolium,1.1299534702786929,0.6162525422773198,1.7542846559452472
CSC(C)[n+]1ccccc1CCC(F)(F)F.[Br-],16,0.6047904191616766,"1,2-diethylpyridinium",bromide,729.96,1469.63,399.82,1406.8,82.57,4.47,1,2,Pyridinium,0.9726825851439598,0.3773403826756216,1.5002590476618385
CCNC(Cl)C(N)C(C)(Cl)[n+]1ccn(C)c1.NCCCC[C@H](N)C(=O)[O-],16,0.5362903225806451,1-butyl-3-methylimidazolium,L-lysinate,577.24,1436.56,751.99,1200.24,23.24,19.69,1,2,Imidazolium,3.147043743295908,0.5229772943599649,1.889369775626779
CC(SCl)C(N)Cc1c[n+](CCS)ccc1S.O=[N+]([O-])[O-],17,0.5291666666666667,1-ethyl-2-methylpyridinium,nitrate,666.41,1473.53,538.71,1354.47,23.7,8.79,1,2,Pyridinium,1.108440570208268,0.30215499940966484,1.6144322181647346
CCC(OC)c1c(S)c(S)c(C#N)c(F)[n+]1N.COS(=O)(=O)[O-],17,0.5234375,1-butyl-3-methylimidazolium,methylsulfate,693.65,1412.43,526.09,1409.61,31.85,0.2,1,2,Imidazolium,1.956945391337999,0.17538020190780762,1.634637564435362
CCCCC(C)CC[n+]1cn(C)cc1S.O=S(=O)([N-]S(=O)(=O)C(F)(F)F)C(F)(F)F,15,0.6802030456852792,1-butyl-3-methylimidazolium,bis(trifluoromethylsulfonyl)imide,688.99,1452.64,665.68,1337.88,3.5,8.58,1,2,Imidazolium,0.8729877389515839,0.19838796509305254,1.622193259820962
C=NC(CS(C)=O)n1cc[n+](C)c1C.[Br-],14,0.5439330543933054,1-butyl-3-methylimidazolium,bromide,575.64,1596.59,367.89,1410.34,56.47,13.21,1,2,Imidazolium,0.15625319444505248,0.5923508114931929,1.7831218871823669
COC(=S)CCn1cc[n+](CP)c1.NCCS(=O)(=O)[O-],13,0.7049180327868853,1-butyl-3-methylimidazolium,2-aminoethanesulfonate,559.67,1476.06,521.08,1329.94,7.41,10.99,1,2,Imidazolium,1.0930182545803468,0.8857957358010871,1.8655623646885189
CCCC(F)[n+]1ccc(C(=O)OC)c(C)c1.O=S(=O)([N-]S(=O)(=O)C(F)(F)F)C(F)(F)F,16,0.5466666666666666,1-butyl-2-methylpyridinium,bis(trifluoromethylsulfonyl)imide,636.73,1406.11,605.51,1426.02,5.16,1.4,1,2,Pyridinium,1.8787225669951335,1.3176458066079004,1.7660253548898819
Cn1c[n+](CN=N)cc1CP(C)N=C=S.O=S(=O)([N-]S(=O)(=O)C(F)(F)F)C(F)(F)F,15,0.5378151260504201,1-butyl-3-methylimidazolium,bis[(trifluoromethyl)sulfonyl]imide,753.15,1510.99,573.53,1506.78,31.32,0.28,1,2,Imidazolium,1.4228060306083268,0.5253703113385848,1.4870204526962634
CCc1cn(C)c(C(C)F)[n+]1CCc1ccccc1.O=S(=O)([N-]S(=O)(=O)C(F)(F)F)C(F)(F)F,19,0.5236220472440944,1-butyl-3-methylimidazolium,bis(trifluoromethylsulfonyl)imide,708.74,1487.16,712.77,1361.69,0.57,9.21,1,2,Imidazolium,0.6060505748315101,0.2459925422997114,1.4940130526705564
C=CC(P)(N=C=S)n1c(Cl)c[n+](C)c1Cl.CCOS(=O)(=O)[O-],15,0.5236220472440944,1-butyl-3-methylimidazolium,ethylsulfate,688.83,1662.67,437.11,1430.55,57.59,16.23,1,2,Imidazolium,2.6875549680728878e-08,0.19842415622684104,1.5293255009422515
CC(Cl)CCCC(Cl)n1cc[n+](C)c1CCCN.O=C([O-])C(F)(F)F,18,0.5726495726495726,1-butyl-3-methylimidazolium,trifluoroacetate,546.29,1435.11,586.62,1239.98,6.87,15.74,1,2,Imidazolium,3.370874666980203,0.9028254154395706,2.011208718753009
CCC(S)n1cc[n+](CC(O)C(C)(C)C(C)=O)c1.COS(=O)(=O)[O-],18,0.5929203539823009,1-butyl-3-methylimidazolium,methylsulfate,634.9,1511.54,650.25,1231.9,2.36,22.7,1,2,Imidazolium,1.42752500395688,1.2730981067897884,1.722397545433355
CCCC[N+]1=CN(C2=CC=CC=C21).O=S(=O)([N-]S(=O)(=O)C(F)(F)F)C(F)(F)F,13,0.616504854368932,1-butyl-3-methylimidazolium,bis[(trifluoromethyl)sulfonyl]imide,615.06,1470.86,567.18,1445.6,8.44,1.75,1,2,Imidazolium,1.0286111370268811,0.7472861273334843,1.7448507889005591
C#CC(N)(CC)C(C)C([n+]1ccccc1)S(=N)(=O)Cl.CC(=O)[O-],19,0.5236220472440944,1-butyl-3-methylimidazolium,acetate,594.47,1371.72,575.24,1221.77,3.34,12.27,1,2,Imidazolium,3.2767083403393014,0.5657232291880249,1.9132301981317996
C[N+]1(SCCN)C(S)CCC(OCCCCN)C1O.N[C@@H](CO)C(=O)[O-],19,0.5177865612648221,1-butyl-3-methylimidazolium,L-serinate,576.4,1408.59,936.57,1270.83,38.46,10.84,1,2,Imidazolium,1.9378468091540035,0.5566706158397225,1.8989676158333149
N#CCSP[n+]1ccn(PSC#N)c1.C[C@@H](O)[C@H](N)C(=O)[O-],14,0.5043478260869565,1-ethylpyridinium,L-threoninate,688.35,1374.45,477.05,1366.93,44.29,0.55,1,2,Pyridinium,2.4847254001967225,0.198133291826494,1.64113262553736
N#[PH]CPC(OCN)n1cc(Cl)[n+](N=O)c1.N#CN=C=[N-],16,0.5222672064777328,1-butyl-3-methylimidazolium,dicyanoazanide,582.71,1416.6,396.96,1420.3,46.79,0.26,1,2,Imidazolium,2.1296155722915566,0.3751502630487015,1.8989676158333149
OC(P)([P+]Cl)C1CC1P.CCCCCCCCOS(=O)(=O)[O-],9,0.5087719298245614,triethyloctylammonium,octyl sulfate,736.45,1492.14,648.65,1210.94,13.54,23.22,1,2,Ammonium,0.5522334278531607,0.4628526154563885,1.4940130526705564
CSC(N)[NH+](Cl)Cl.CS(=O)(=O)[O-],7,0.5161290322580645,1-methyl-3-octyl-1H-imidazol-3-ium,methanesulfonate,687.62,1546.57,308.84,1389.48,122.65,11.31,1,2,Imidazolium,0.2984146837941081,0.19633271028521807,1.5855611850442233
C[n+]1c(CP)cc(Cl)c(P)c1P.N[C@@H](CO)C(=O)[O-],12,0.5313807531380753,1-ethyl-2-methylpyridinium,L-serinate,668.09,1576.89,478.4,1378.53,39.65,14.39,1,2,Pyridinium,0.3720481988628431,0.2667881160366629,1.5742595314468182
CCN(n1cc[n+](O)c1)[SH](=O)=O.COS(=O)(=O)[O-],12,0.504,1-ethylpyridinium,methylsulfate,756.4,1518.07,414.52,1506.74,82.48,0.75,1,2,Pyridinium,1.331991658794936,0.5336124918729824,1.4870204526962634
CCCCCC(O)[n+]1c(S)cccc1CCC.O=S(=O)([N-]S(=O)(=O)C(F)(F)F)C(F)(F)F,17,0.5394190871369294,1-ethyl-2-methylpyridinium,bis[(trifluoromethyl)sulfonyl]imide,669.53,1469.42,714.0,1331.77,6.23,10.34,1,2,Pyridinium,0.9640891010740182,0.2387104317939113,1.618436522276699
CCn1cc(SCS(=O)(=O)Cl)[n+](C)c1Cl.N#CN=C=[N-],15,0.5569620253164557,1-butyl-3-methylimidazolium,dicyanoazanide,654.86,1462.99,407.8,1415.78,60.58,3.33,1,2,Imidazolium,0.8126853871338168,0.7284869813718481,1.618436522276699
CCCCC(O)CC(S)[n+]1cccc(C)c1.O=S(=O)([N-]S(=O)(=O)C(F)(F)F)C(F)(F)F,16,0.6455223880597015,N-octyl-3-methylpyridinium,bis[(trifluoromethyl)sulfonyl]imide,680.26,1410.78,699.1,1370.46,2.69,2.94,1,2,Pyridinium,1.9551640682340932,0.14686600709246128,1.634637564435362
Cc1ccc(N=C=O)c2c1ccc[n+]2N.[Br-],15,0.5238095238095238,1-butyl-3-methylimidazolium,bromide,271.08,1546.44,344.38,1507.68,21.28,2.57,1,2,Imidazolium,0.29931599435442124,0.021847710449674623,1.5741093602202842
CCC(N)c1c(P)[n+](O)cn1CC.O=S(=O)([O-])C(F)(F)F,13,0.5265306122448979,1-butyl-3-methylimidazolium,trifluoromethanesulfonate,424.9,1419.2,488.86,1374.24,13.08,3.27,1,2,Imidazolium,2.449981305486017,1.6982092792929366,2.2155305448290856
CCCC[n+]1ccn(CC)c1C.O=S(=O)([N-]S(=O)(=O)C(F)(F)F)C(F)(F)F,12,0.7657142857142857,1-butyl-3-methylimidazolium,bis(trifluoromethylsulfonyl)imide,556.33,1365.03,589.79,1352.94,5.67,0.89,1,2,Imidazolium,4.768351352460959,0.8135142843237241,2.0410583204700075
Cn1cc[n+](C(O)PO)c1C1CC1N.CS(=O)(=O)[O-],14,0.5040322580645161,1-butyl-3-methylimidazolium,methanesulfonate,460.68,1507.17,522.13,1399.8,11.77,7.67,1,2,Imidazolium,1.4172025830200703,0.5892417976480839,2.120204095740201
CCC[n+]1c(C)cc(CO)n1-c1ccccc1.N#C[S-],17,0.5215686274509804,1-butyl-3-methylimidazolium,thiocyanate,467.2,1397.57,459.67,1111.76,1.64,25.71,1,2,Imidazolium,1.9407102805263383,0.7372743650927165,2.2032817892258496
CNC(O)Sc1n(COC)cc[n+]1C.CCOS(=O)(=O)[O-],14,0.5021459227467812,1-butyl-3-methylimidazolium,ethylsulfate,519.21,1512.7,509.99,1330.39,1.81,13.7,1,2,Imidazolium,1.44076988421112,1.145545339904087,1.9561269709532527
OCC[n+]1ccc(OO)cc1.O=C([O-])[C@@H]1CCCN1,11,0.6464646464646465,1-ethylpyridinium,L-prolinate,446.34,1514.14,514.1,1221.9,13.18,23.92,1,2,Pyridinium,1.4505165952732444,0.3873080957489964,2.108595874124432
C#Cc1cc[n+](CC(O)C(N)N)cc1SO.O=[N+]([O-])[O-],16,0.5374449339207048,1-butyl-2-methylpyridinium,nitrate,431.57,1450.37,430.41,1399.74,0.27,3.62,1,2,Pyridinium,0.9658240922401716,1.3205271638760063,2.1972752422507176
CCn1c[n+](CC)cc1O.NCCS(=O)(=O)[O-],10,0.6590909090909091,1-isobutyl-3-methylimidazolium,2-aminoethanesulfonate,469.87,1383.75,483.5,1259.65,2.82,9.85,1,2,Imidazolium,2.108044809658785,0.7307319238066319,2.2158007424675543
C[n+]1cccc(P)c1.O=C([O-])C(F)(F)F,8,0.5977011494252874,1-ethylpyridinium,trifluoroacetate,294.38,1448.91,309.09,1331.49,4.76,8.82,1,2,Pyridinium,1.034454003912056,0.3310104202314109,1.7630726702291066
CCCc1c(C(=S)OC(C)Cl)ccc[n+]1CO.O=[N+]([O-])[O-],17,0.516,1-butyl-3-methylimidazolium,nitrate,509.41,1499.78,447.79,1276.4,13.76,17.5,1,2,Imidazolium,1.0019585614685615,1.2787649154366232,2.058326393708455
CC[n+]1ccn(CCl)c1.O=S(=O)([O-])C(F)(F)F,9,0.7443609022556391,1-ethyl-3-methylimidazolium,trifluoromethanesulfonate,442.14,1551.46,359.8,1446.75,22.88,7.24,1,2,Imidazolium,0.2691108173156098,0.4226048411006312,2.091352226633465
S[NH+]1CN(Cc2ccccc2)C=C1Cl.N#C[C-](C#N)C#N,14,0.6135593220338983,1-benzyl-3-methyl-1H-imidazolium,tricyanomethane,485.1,1434.54,441.84,1268.3,9.79,13.11,1,2,Imidazolium,3.4169245562144064,0.38218643181518025,2.1120732055225524
CCCn1c[n+](C)c(Cl)c1C(=O)OC(O)Cl.N#C[C-](C#N)C#N,16,0.5236220472440944,1-butyl-3-methylimidazolium,tricyanomethane,544.85,1402.7,450.68,1305.27,20.9,7.46,1,2,Imidazolium,1.7926576670457446,0.9576274087169588,2.028296397624593
CCCn1cc[n+](COC)c1C.O=S(=O)([N-]S(=O)(=O)C(F)(F)F)C(F)(F)F,12,0.6534653465346535,1-butyl-3-methylimidazolium,bis[(trifluoromethyl)sulfonyl]imide,531.84,1412.09,590.93,1416.63,10.0,0.32,1,2,Imidazolium,1.9561737490563995,1.394716002831504,2.0230691357112858
C#Cc1cc[n+](CCC(N)NC)cc1C.CCOS(=O)(=O)[O-],15,0.6307692307692307,1-butyl-2-methylpyridinium,ethylsulfate,369.79,1353.96,644.28,1198.51,42.6,12.97,1,2,Pyridinium,3.0523609612493967,1.8869877653994416,2.1749587199486093
CCN1C=C[N+](O)=C1.O=S(=O)([O-])C(F)(F)F,8,0.6074074074074074,1-ethyl-3-methylimidazolium,trifluoromethanesulfonate,309.09,1446.07,344.0,1451.72,10.15,0.39,1,2,Imidazolium,1.2042704103290027,1.0659129066867223,1.8960159366498563
CC[n+]1ccccc1C(N)(N)COC(Cl)CN.CC(=O)[O-],17,0.5508474576271186,1-ethyl-2-methylpyridinium,acetate,447.38,1409.46,625.84,1223.57,28.52,15.19,1,2,Pyridinium,1.9485936492300104,0.3898248910878256,2.1961541359583316
Cc1c(S)[n+](O)c(C)n1CS.O=C([O-])[C@@H]1CCCN1,11,0.5081967213114754,1-butyl-3-methylimidazolium,L-prolinate,513.53,1434.55,475.84,1250.77,7.92,14.69,1,2,Imidazolium,3.4169245562144064,1.0985917854509049,2.1120732055225524
CNC(C=C=O)Cn1cc[n+](C)c1.[Cl-],13,0.6770833333333334,1-butyl-3-methylimidazolium,chloride,288.49,1436.54,379.27,1202.63,23.94,19.45,1,2,Imidazolium,3.147043743295908,0.3608222963898517,1.769393135044833
C=Nc1cccc(C)[n+]1CS.[Cl-],11,0.5789473684210527,1-ethyl-2-methylpyridinium,chloride,437.39,1449.38,297.3,1235.97,47.12,17.27,1,2,Pyridinium,1.0108249712644608,0.7690160476416327,2.1972752422507176
CC(O)CCc1n(C(N)(C(C)P)C(C)Cl)cc[n+]1C.[Br-],19,0.5198412698412699,1-isobutyl-3-methylimidazolium,bromide,520.15,1411.58,539.76,1243.25,3.63,13.54,1,2,Imidazolium,1.9556443306658475,1.1704055750180322,2.0230691357112858
CCc1c(S(=O)O)cc(C#N)c[n+]1P.O=[N+]([O-])[O-],14,0.5238095238095238,1-butyl-3-methylimidazolium,nitrate,477.52,1499.21,378.1,1403.36,26.29,6.83,1,2,Imidazolium,0.9495688052352196,0.4538146853252204,2.120204095740201
C=CN(C)[n+]1ccn(CC(N)C#CN)c1.CCOS(=O)(=O)[O-],15,0.5837104072398189,1-butyl-3-methylimidazolium,ethylsulfate,382.18,1411.07,551.41,1272.17,30.69,10.92,1,2,Imidazolium,1.9554593361348935,1.7509110790286182,2.2049669922040507
Cc1cc(C=C=O)c[n+](CC(Cl)CO)c1.N#C[C-](C#N)C#N,15,0.5700483091787439,1-butyl-2-methylpyridinium,tricyanomethane,502.93,1409.51,439.13,1219.75,14.53,15.56,1,2,Pyridinium,1.9485936492300104,1.6043904438220438,2.126138123108812
CCCCC(N)C[n+]1ccc(C#N)cc1.O=S(=O)([N-]S(=O)(=O)C(F)(F)F)C(F)(F)F,15,0.8,1-hexyl-4-cyanopyridinium,bis[(trifluoromethyl)sulfonyl]imide,537.56,1430.71,639.37,1401.76,15.92,2.07,1,2,Pyridinium,3.3713264076458382,1.2709128441404416,2.011208718753009
C[n+]1ccn(CC(N)N)c1.COS(=O)(=O)[O-],10,0.7557251908396947,1-ethyl-3-methylimidazolium,methylsulfate,346.77,1503.62,422.93,1389.29,18.01,8.23,1,2,Imidazolium,1.3334266048265409,0.4141198038772079,1.9689479082791663
CC(S)CCc1n(C)cc(NC#N)[n+]1CCN.CS(=O)(=O)[O-],17,0.5222672064777328,1-butyl-3-methylimidazolium,methanesulfonate,579.91,1248.66,515.83,1250.81,12.42,0.17,1,2,Imidazolium,2.020205388167867,0.4333763507990212,1.9141176773133968
CCCCC(O)CCC(Cl)[n+]1ccccc1P.CC(=O)[O-],17,0.55,1-ethyl-2-methylpyridinium,acetate,459.34,1399.22,606.44,1126.31,24.26,24.23,1,2,Pyridinium,1.843850271619206,0.5489873583149751,2.2032817892258496
CCC(C)C(C)n1cc[n+](CN=N)c1CCl.N#C[N-]C#N,16,0.5469387755102041,1-butyl-3-methylimidazolium,dicyanamide,528.17,1185.01,507.04,1129.85,4.17,4.88,1,2,Imidazolium,2.5196391807117524,1.3778102664387113,2.020526323310816
CCCC(CC)CCC(S)[n+]1ccc(O)c(C)c1.N[C@@H](CO)C(=O)[O-],18,0.5884353741496599,N-octyl-3-methylpyridinium,L-serinate,450.89,1147.68,673.37,1091.12,33.04,5.18,1,2,Pyridinium,1.8100792932822491,0.3944215635379021,2.171230716080704
CCCCC(C[N+](C)(C)CC)OC(C)=O.N#C[S-],15,0.5,"N,N,N-triethyldodecan-1-aminium",thiocyanate,777.46,1103.91,703.33,974.76,10.54,13.25,1,2,Aminium,2.2948987962435075,0.26932444696649865,1.3651749786280032
CCCc1c(NC(C)=O)n(CCC#N)c[n+]1CCO.N#C[N-]C#N,19,0.5317460317460317,1-butyl-3-methylimidazolium,dicyanamide,1013.93,1089.75,569.82,1149.89,77.94,5.23,1,2,Imidazolium,2.6509620190058185,0.11631710390453162,1.1568997350071268
CCc1c(S)[n+](CCOCl)c(CCCCF)n1C.N#C[S-],18,0.5277777777777778,1-butyl-3-methylimidazolium,thiocyanate,677.38,1142.95,500.78,1206.33,35.26,5.25,1,2,Imidazolium,2.470803585462252,0.14405118582363666,1.6018829967849462
CCCCc1cc(C)c[n+](C)c1[SH]=NC.O=S(=O)([N-]S(=O)(=O)C(F)(F)F)C(F)(F)F,15,0.5185185185185185,1-ethyl-2-methylpyridinium,bis(trifluoromethylsulfonyl)imide,575.99,1281.68,627.08,1372.14,8.15,6.59,1,2,Pyridinium,3.6102348797009856,0.5742869793987809,1.9209078278857064
CSC[NH+](C)SC=CP.CC(=O)[O-],9,0.4878048780487805,"1,2-diethylpyridinium",acetate,508.02,1382.74,382.92,1209.25,32.67,14.35,1,2,Pyridinium,2.062712086840426,1.3655459805350554,2.1432638367065633
CCCCCN=NCC[NH+]=C(N(C)CS)N(C)NF.NCCS(=O)(=O)[O-],19,0.4881889763779528,triethyloctylammonium,2-aminoethanesulfonate,938.09,1183.31,722.53,1198.94,29.83,1.3,1,2,Ammonium,2.3430450657754127,0.07159291523185451,1.2278471911401785
CCCCNc1c(P)n(PC#N)c[n+]1C.C[C@@H](O)[C@H](N)C(=O)[O-],15,0.5241935483870968,1-butyl-3-methylimidazolium,L-threoninate,473.65,1183.22,560.37,1198.33,15.48,1.26,1,2,Imidazolium,2.3365843926005403,0.6213634218068377,2.203100990280543
CCC(C(O)OC(N)=O)[N+](C)(C)Cl.N[C@@H](CO)C(=O)[O-],13,0.4836065573770492,1-ethylpyridinium,L-serinate,468.78,1309.25,544.63,1351.82,13.93,3.15,1,2,Pyridinium,0.9884899388433096,0.7410001486412529,2.2403273642640706
CCCCC(CCC)C1CCC(N=C=O)(C(C)=O)[NH2+]1.CC(=O)[O-],19,0.512,1-ethylpyridinium,acetate,896.28,1127.69,663.09,1014.03,35.17,11.21,1,2,Pyridinium,2.002802681971624,0.3160988170824422,1.2186961315368867
CCn1c[n+](CF)c(CCC(N)P)c1NN.N[C@@H](CS)C(=O)[O-],16,0.5301204819277109,1-butyl-3-methylimidazolium,L-cysteinate,625.76,1147.09,680.51,1290.2,8.05,11.09,1,2,Imidazolium,1.928952303932944,0.7603526094558325,1.729680962925511
CCCCC[n+]1cc(O)c(C(=O)CS)c(CC)c1.O=[N+]([O-])[O-],18,0.5103734439834025,1-butyl-2-methylpyridinium,nitrate,615.0,1283.32,560.09,1178.12,9.8,8.93,1,2,Pyridinium,3.3876774976150297,0.7472861273334843,1.7815631745881717
CC(P)[n+]1ccn(C)c1.N[C@@H](CS)C(=O)[O-],9,0.7279411764705882,1-ethyl-3-methylimidazolium,L-cysteinate,449.07,1275.47,458.35,1236.63,2.02,3.14,1,2,Imidazolium,3.3383413828064312,0.3921932551185871,2.2412708007049083
COCC[N+]1(C)CC(O)CC1CC(C)(N)F.O=C([O-])[C@@H]1CCCN1,16,0.5,triethyloctylammonium,L-prolinate,813.29,1152.79,704.17,1179.65,15.5,2.28,1,2,Ammonium,1.1872015398057707,0.03819226549333196,1.3841497217737178
C=C(N=O)Sn1cc[n+](C)c1CCOC.NCCCC[C@H](N)C(=O)[O-],15,0.5263157894736842,1-butyl-3-methylimidazolium,L-lysinate,651.17,1263.67,654.95,1176.55,0.58,7.4,1,2,Imidazolium,0.9037075991441404,0.8792117459676032,1.779088603213118
Cc1cc(S)c[n+](CCCCCCCS)c1.O=[N+]([O-])[O-],16,0.6920000000000001,N-octyl-3-methylpyridinium,nitrate,537.41,1226.62,515.65,1162.42,4.22,5.52,1,2,Pyridinium,3.8184037872948697,1.275608336679008,2.039395197907156
CCOCCC(C[P+](CC)(CC)CC)(N=O)C(=N)N.CC(=O)[O-],19,0.512,triethyloctylammonium,acetate,722.42,1144.29,713.86,1061.2,1.2,7.83,1,2,Ammonium,2.377571317893086,0.2940046091589321,1.4844720026568197
O=C(OS)c1cc[n+](P)cc1.N#CN=C=[N-],11,0.5357142857142857,1-ethylpyridinium,dicyanoazanide,487.43,1354.91,304.57,1366.06,60.04,0.82,1,2,Pyridinium,3.4064737917047943,0.4798615830579389,2.1519116976374364
C=CC[NH+](CC(=C)OCCCCC)CS(N)(=O)=O.O=C([O-])[C@@H]1CCCN1,18,0.5,1-ethylpyridinium,L-prolinate,863.02,1116.34,713.57,1152.0,20.94,3.1,1,2,Pyridinium,1.763542255378787,0.10777699803421824,1.2868782551596092
CCCC[n+]1ccc(N(C)C)c(c1).CCCCCCCCOS(=O)(=O)[O-],13,0.6510067114093959,1-butylpyridinium,octyl sulfate,723.15,1040.74,757.38,1039.17,4.52,0.15,1,2,Pyridinium,2.906157903106976,0.2965589165974627,1.428415051571108
CCCC[n+]1cc[nH]c1.C[C@@H](O)[C@H](N)C(=O)[O-],9,0.8208955223880597,1-butyl-3-methylimidazolium,L-threoninate,543.35,1092.7,477.85,1106.75,13.71,1.27,1,2,Imidazolium,3.6758675109255,1.018595283903615,1.9325112309080472
CCC(O)CC(CC)(N=C=S)C(O[NH3+])SF.CC(=O)[O-],16,0.5102880658436214,1-butyl-3-methylimidazolium,acetate,712.84,1271.44,500.21,1176.98,42.51,8.03,1,2,Imidazolium,2.2023790675962465,0.2898783448891523,1.5185696588109638
CCCCCc1cn(CC(C)CC)c(C)[n+]1C.O=S(=O)([N-]S(=O)(=O)C(F)(F)F)C(F)(F)F,17,0.5491803278688525,1-butyl-3-methylimidazolium,bis(trifluoromethylsulfonyl)imide,681.9,1258.19,775.88,1240.93,12.11,1.39,1,2,Imidazolium,1.1759317709784636,0.1570392862959372,1.6414070714605489
CN(CS)O[NH3+].NCCCC[C@H](N)C(=O)[O-],6,0.3968253968253968,2-octylisoquinolinium,L-lysinate,498.85,1273.46,556.07,1198.56,10.29,6.25,1,2,Quinolinium,2.7873622709574124,1.483304528282284,2.163193150633381
Cc1cc(F)[n+](C(C)O)c(P)c1.[Cl-],12,0.5347826086956522,1-ethyl-2-methylpyridinium,chloride,445.02,1250.4,305.68,1275.56,45.58,1.97,1,2,Pyridinium,2.003745344423318,0.3858734968904672,2.2364023947306326
CCCCCCCCCCn1cc[n+](P)c1.O=S(=O)([N-]S(=O)(=O)C(F)(F)F)C(F)(F)F,16,0.6918604651162791,1-butyl-3-methylimidazolium,bis[(trifluoromethyl)sulfonyl]imide,749.73,1334.89,723.33,1291.31,3.65,3.37,1,2,Imidazolium,0.8567424854573759,0.5062177254303661,1.5203957971728224
CCCCn1cc[n+](CCCCCCONO)c1.CC(=O)[O-],18,0.8121212121212121,1-butyl-3-methylimidazolium,acetate,1010.26,1049.74,608.87,1059.24,65.92,0.9,2,1,Imidazolium,1.9956425230078798,0.1381600946064792,1.1492817859024778
CCCCCC(CCCC)Cn1cc[n+](CN)c1.N#C[C-](C#N)C#N,18,0.7362637362637363,1-butyl-3-methylimidazolium,tricyanomethane,952.92,959.32,653.08,995.89,45.91,3.67,2,1,Imidazolium,0.3469846540377449,0.047923932182020616,1.1707642878922166
CCC(CC)CCCCCCCn1cc[n+](S)c1N.CCCCCCCCOS(=O)(=O)[O-],19,0.6237623762376238,1-butyl-3-methylimidazolium,octyl sulfate,990.99,997.82,953.28,1030.46,3.96,3.17,2,1,Imidazolium,0.7231622774216991,0.2421283334732989,1.1371908010354814
Cc1cc[n+](CCCCCCCCCCCP)cc1.NCCS(=O)(=O)[O-],19,0.8848920863309353,1-butyl-2-methylpyridinium,2-aminoethanesulfonate,971.82,1065.0,739.63,1072.17,31.39,0.67,2,1,Pyridinium,3.2761977975860543,0.1378785912179286,1.1524457724552652
Cc1ccc[n+](CCCCCCCCCCCP)c1.NCCS(=O)(=O)[O-],19,0.956043956043956,N-octyl-3-methylpyridinium,2-aminoethanesulfonate,986.73,1068.57,836.29,1076.03,17.99,0.69,2,1,Pyridinium,2.937684890724828,0.2213037054894383,1.1524457724552652
CCCCCCCCCCn1c[n+](C)cc1NO.O=C([O-])[C@@H]1CCCN1,18,0.6442307692307693,1-butyl-3-methylimidazolium,L-prolinate,1002.54,1037.63,819.82,1026.11,22.29,1.12,2,1,Imidazolium,3.285929533650425,0.2021650525871514,1.1476463077076458
CCCCCCCCCCn1cc[n+](SS)c1N.CCCCCCCCOS(=O)(=O)[O-],18,0.6046511627906976,1-butyl-3-methylimidazolium,octyl sulfate,988.23,1002.77,940.73,1070.04,5.05,6.29,2,1,Imidazolium,1.6432850696169667,0.2308981800777469,1.1390013778898291
CCCCCCCC[n+]1cccc(C)c1CCC.CCCCCCCCOS(=O)(=O)[O-],18,0.6029850746268657,"1,2-diethylpyridinium",octyl sulfate,919.53,1007.25,1031.34,969.5,10.84,3.89,2,1,Pyridinium,2.661997183892118,0.2670212447056636,1.1887349976492718
CCCCCCCC[n+]1cccc(CF)c1.CCCCCCCCOS(=O)(=O)[O-],16,0.7909090909090909,N-octyl-3-methylpyridinium,octyl sulfate,1032.11,1059.73,818.43,1018.95,26.11,4.0,2,1,Pyridinium,3.2761762623504715,0.0591270902936008,1.1508821606106079
CCCc1n(C)c(CC)c[n+]1C(N)C(C)C.N#C[N-]C#N,16,0.5236220472440944,1-butyl-3-methylimidazolium,dicyanamide,985.38,1083.23,522.1,1011.91,88.73,7.05,2,1,Imidazolium,1.1039113265237124,0.21376846447835368,1.1554561663787346
CCCCC(CC)(CCC)CC[N+]1=C(S)CCC1.N[C@@H](CO)C(=O)[O-],18,0.5132743362831859,"N,N,N-triethyldodecan-1-aminium",L-serinate,1013.98,1040.46,783.03,1015.28,29.49,2.48,2,1,Aminium,2.9492259781912487,0.113247534065389,1.1476463077076458
CCC(CCP)C(SCC(C)CCCN)N([NH3+])O.NCCCC[C@H](N)C(=O)[O-],18,0.509009009009009,1-butyl-3-methylimidazolium,L-lysinate,945.94,992.99,886.71,1072.22,6.68,7.39,2,1,Imidazolium,0.6576447362018932,0.05018538152042335,1.1837394489445905
CCCC([NH3+])C(C)(CCC)N(N=N)C(C)=O.[Cl-],16,0.5079365079365079,1-ethylpyridinium,chloride,1048.13,1046.05,460.58,1018.01,127.57,2.75,2,1,Pyridinium,1.9942854613552743,0.09980895079692002,1.109198933478939
CCCCC(CC)(CCC)CC[N+]1=C(S)CCC1.N[C@@H](CO)C(=O)[O-],18,0.5132743362831859,"N,N,N-triethyldodecan-1-aminium",L-serinate,1013.98,1040.46,713.49,1015.79,42.12,2.43,2,1,Aminium,2.9492259781912487,0.113247534065389,1.1476463077076458
CCC(CCCCCCCCCl)n1cc[n+](C)c1.NCCCC[C@H](N)C(=O)[O-],18,0.7486033519553073,1-butyl-3-methylimidazolium,L-lysinate,984.56,1059.49,819.28,1030.0,20.17,2.86,2,1,Imidazolium,3.2503809170062743,0.2075301864219454,1.1508821606106079
CCCCCC[n+]1ccn(C(N)(CC)CCC)c1.C[C@@H](O)[C@H](N)C(=O)[O-],18,0.6146788990825688,1-butyl-3-methylimidazolium,L-threoninate,1020.5,1064.97,752.0,1006.06,35.7,5.86,2,1,Imidazolium,3.281748780180298,0.08693962483145236,1.1524457724552652
CCC(CCCS)[n+]1cc[nH]c1.CS(=O)(=O)[O-],12,0.6878612716763006,1-butyl-3-methylimidazolium,methanesulfonate,906.21,1004.25,445.29,1210.55,103.51,17.04,2,1,Imidazolium,2.034591175359667,0.3698539924784134,1.1862535391740918
CCCCCC[n+]1c(N=N)c(PCC)n(C)c1C.O=C([O-])[C@@H]1CCCN1,18,0.5275590551181102,1-butyl-3-methylimidazolium,L-prolinate,948.19,1041.23,739.93,1053.78,28.15,1.19,2,1,Imidazolium,2.8176761887272046,0.04705529683906457,1.1982856831676043
CCCC(S)C[n+]1cc[nH]c1.CS(=O)(=O)[O-],11,0.6744186046511628,1-butyl-3-methylimidazolium,methanesulfonate,964.47,1022.89,411.16,1237.06,134.57,17.31,2,1,Imidazolium,1.1719561422587028,0.09855745557674593,1.1442767539254075
CCCCC(CC)(CCC)CC[N+]1=C(S)CCC1.N#C[S-],18,0.5132743362831859,"N,N,N-triethyldodecan-1-aminium",thiocyanate,972.67,1020.45,600.75,982.07,61.91,3.91,2,1,Aminium,1.1538368714859646,0.1421878004047124,1.1425460638590537
CCCCC(CCC)[n+]1cc[nH]c1.O=S(=O)([O-])C(F)(F)F,13,0.6900584795321637,1-butyl-3-methylimidazolium,trifluoromethanesulfonate,973.49,1070.81,503.5,1185.52,93.34,9.68,2,1,Imidazolium,2.53090228360498,0.14539492234450646,1.1539709807286325
CCCCCCC(NF)[N+](C)(CCCl)CCCC.NCCCC[C@H](N)C(=O)[O-],18,0.5041322314049587,triethyloctylammonium,L-lysinate,965.78,1043.6,815.53,1047.84,18.42,0.4,2,1,Ammonium,2.3792792896786463,0.1066101442589382,1.1476463077076458
CCCCc1c[n+](C)c(CCC(C)CC)n1CC.NCCCC[C@H](N)C(=O)[O-],18,0.5365853658536586,1-butyl-3-methylimidazolium,L-lysinate,944.87,1007.12,813.79,964.08,16.11,4.46,2,1,Imidazolium,2.653091516656176,0.05262682668185627,1.1887349976492718
CCCNC(=[NH+]C(Cl)CC)N(C)CSCCC.O=[N+]([O-])[O-],17,0.5,triethyloctylammonium,nitrate,1024.82,1069.57,572.38,1123.9,79.05,4.83,2,1,Ammonium,2.7806050082367406,0.07408848807936783,1.1524457724552652
CCCC(C)CC[NH+](C)C=N.COP(=O)([O-])OC,11,0.6266666666666667,"N,N,N-triethyldodecan-1-aminium",dimethylphosphate,992.26,1086.37,520.85,1081.58,90.51,0.44,2,1,Aminium,1.506807610089857,0.24550311313632944,1.1554561663787346
CCCC(C)c1c(C)n(C(C)CC)c(N)[n+]1C(C)S.O=C([O-])[C@@H]1CCCN1,19,0.5234375,1-butyl-3-methylimidazolium,L-prolinate,1043.57,1034.41,737.63,1031.78,41.48,0.25,2,1,Imidazolium,3.1801305398848387,0.07786188864335762,1.1068904171657474
CCCCC(CC)(CCC)CC[N+]1=C(S)CCC1.N#C[S-],18,0.5132743362831859,"N,N,N-triethyldodecan-1-aminium",thiocyanate,972.67,1020.45,596.16,979.65,63.16,4.16,2,1,Aminium,1.1538368714859646,0.1421878004047124,1.1425460638590537
CCCCCC[n+]1cc(CCC)cc(C)c1CC.CCCCCCCCOS(=O)(=O)[O-],18,0.5579399141630901,1-ethyl-2-methylpyridinium,octyl sulfate,932.06,1010.91,926.97,968.88,0.55,4.34,2,1,Pyridinium,2.6911191834814363,0.11605790316868372,1.1887349976492718
CCCC(CC(C)CC)C[NH+]1C=NC(P)=C1.CS(=O)(=O)[O-],16,0.5,"N,N,N-triethyldodecan-1-aminium",methanesulfonate,1032.4,1051.09,581.04,1100.28,77.68,4.47,2,1,Aminium,2.1409072122506374,0.05887296338198032,1.1492817859024778
O=NC(F)(NC(=O)S)[n+]1cc[nH]c1.N#C[C-](C#N)C#N,13,0.5236051502145923,1-butyl-3-methylimidazolium,tricyanomethane,970.43,1040.45,348.82,1426.02,178.2,27.04,2,1,Imidazolium,2.9492259781912487,0.1312423950531895,1.1476463077076458
Cc1ccc[n+](CCCCCCCCCCCP)c1.CCCCCCCCOS(=O)(=O)[O-],19,0.956043956043956,N-octyl-3-methylpyridinium,octyl sulfate,943.63,1019.2,965.93,1001.44,2.31,1.77,3,1,Pyridinium,1.3337155629808621,0.09385426928861842,1.1911813834658622
CCCNC(=[NH+]C(F)(Cl)CC)N(C)C(S)SCCF.NCCCC[C@H](N)C(=O)[O-],19,0.5,1-ethylpyridinium,L-lysinate,997.31,1092.56,814.02,1183.97,22.52,7.72,3,1,Pyridinium,3.5895390383519845,0.23436688317666698,1.1568997350071268
CCCCC(CSCP)Cn1cc(CC)[n+](C)c1C.C[C@@H](O)[C@H](N)C(=O)[O-],19,0.5469387755102041,1-butyl-3-methylimidazolium,L-threoninate,975.7,1062.28,756.57,1067.31,28.96,0.47,3,1,Imidazolium,3.4180722950009788,0.15514595166430628,1.1524457724552652
CCC(CF)CC1=NC=C[NH+]1C(C)(CCF)CCF.O=S(=O)([N-]S(=O)(=O)C(F)(F)F)C(F)(F)F,19,0.5041322314049587,1-butyl-3-methylimidazolium,bis[(trifluoromethyl)sulfonyl]imide,980.07,1003.08,735.0,1383.55,33.34,27.5,3,1,Imidazolium,1.7377342841347398,0.17625183717158438,1.1390013778898291
CCCCCC[n+]1ccccc1CCCC.C[C@@H](O)[C@H](N)C(=O)[O-],16,0.7345454545454545,"1,2-diethylpyridinium",L-threoninate,953.69,1037.79,738.71,986.44,29.1,5.21,3,1,Pyridinium,3.2614111710008857,0.07966753476971948,1.1982856831676043
CCCCCCCC[P+](CC)(CC)SC.NCCCC[C@H](N)C(=O)[O-],15,0.6666666666666666,triethyloctylammonium,L-lysinate,963.08,1004.67,858.97,970.32,12.12,3.54,3,1,Ammonium,2.151213405821638,0.10352306972024593,1.1390013778898291
CCCC(CCC)C(CC)C(CC)[n+]1cc[nH]c1.COP(=O)([O-])OC,18,0.6069651741293532,1-butyl-3-methylimidazolium,dimethylphosphate,1014.66,1073.14,685.25,1014.3,48.07,5.8,3,1,Imidazolium,2.0020206268341685,0.11355466365603872,1.1539709807286325
C[N+](C)(C)C(F)CC(C(N)=O)C(N)=O.CCCCCCCCOS(=O)(=O)[O-],14,0.5363636363636364,triethyloctylammonium,octyl sulfate,1054.28,1003.09,863.27,1192.8,22.13,15.9,3,1,Ammonium,1.7377342841347398,0.12641413754868222,1.102000891573406
CCc1cc(NO)cc(CC)[n+]1C.N#C[N-]C#N,13,0.5829383886255924,1-ethyl-2-methylpyridinium,dicyanamide,973.82,953.05,406.94,1095.3,139.3,12.99,3,1,Pyridinium,0.3424660311395329,0.14642307122020318,1.1278237488676226
CCCCCCCC[n+]1ccc(CCCC)cc1.CCCCCCCCOS(=O)(=O)[O-],18,0.7639751552795031,1-butyl-2-methylpyridinium,octyl sulfate,959.09,986.91,938.94,962.88,2.15,2.5,3,1,Pyridinium,1.055348644862691,0.08950023057748922,1.1353570139144338
C#CC(CC)C[P+](CC)(CCCC)CCCC.O=C([O-])[C@@H]1CCCN1,17,0.6781609195402298,triethyloctylammonium,L-prolinate,925.23,999.78,743.64,946.9,24.42,5.58,3,1,Ammonium,1.0026684845022789,0.2183965282375012,1.1862535391740918
C=NCC[NH+](CC(CC)C(C)CC)NC.O=C([O-])C(F)(F)F,15,0.5,triethyloctylammonium,trifluoroacetate,989.4,1041.7,634.13,1077.23,56.02,3.3,3,1,Ammonium,2.730480135478434,0.23281137790817585,1.1476463077076458
PCCCCCCCCCCC[n+]1ccccc1.C[C@@H](O)[C@H](N)C(=O)[O-],18,0.8220338983050848,1-butylpyridinium,L-threoninate,998.06,1072.36,831.64,1022.84,20.01,4.84,3,1,Pyridinium,2.2043370392413397,0.23097192544146225,1.1539709807286325
CCC(F)CC#CNC(N=O)(NC=O)[n+]1cc[nH]c1.COS(=O)(=O)[O-],19,0.5042016806722689,1-ethyl-2-methylpyridinium,methylsulfate,1002.47,1092.11,538.55,1351.53,86.14,19.19,3,1,Pyridinium,3.4609672326514853,0.20121435579296268,1.1568997350071268
CCCCC(C)CC(C)CC[NH+](C)C=N.O=S(=O)([O-])C(F)(F)F,15,0.6125,"N,N,N-triethyldodecan-1-aminium",trifluoromethanesulfonate,974.25,1029.73,593.43,1128.58,64.17,8.76,3,1,Aminium,2.379027108283203,0.14829461090769933,1.1459774011034027
CCCCC(CC)C(C)CC[NH+](C)C=N.CCCCCCCCOS(=O)(=O)[O-],15,0.6172839506172839,"N,N,N-triethyldodecan-1-aminium",octyl sulfate,995.07,966.69,875.22,981.62,13.69,1.52,3,1,Aminium,0.5181766618058282,0.24148597757546725,1.1297334052855093
CCCCON(C)C(=[NH+]C(Cl)CC)PCCCC.CCCCCCCCOS(=O)(=O)[O-],18,0.5128205128205128,1-butyl-3-methylimidazolium,octyl sulfate,999.76,1099.51,939.41,1033.22,6.42,6.42,3,1,Imidazolium,3.700495870338105,0.22107557919772186,1.1583001198690452
CCCC(CCC)CC[NH+](C)C=N.CS(=O)(=O)[O-],13,0.5949367088607594,"N,N,N-triethyldodecan-1-aminium",methanesulfonate,1037.58,951.88,516.34,1050.56,100.95,9.39,3,1,Aminium,0.32421973450996144,0.07706278462975495,1.0927649193959563
CCCCC(CC)(CCC)CC[N+]1=C(S)CCC1.CCCCCCCCOS(=O)(=O)[O-],18,0.5132743362831859,"N,N,N-triethyldodecan-1-aminium",octyl sulfate,1014.3,989.43,949.06,991.95,6.87,0.25,3,1,Aminium,0.9209945448076692,0.11557740087609117,1.1353570139144338
CCCCNC(CC(CF)CCF)[n+]1cc[nH]c1.O=S(=O)([N-]S(=O)(=O)C(F)(F)F)C(F)(F)F,18,0.5837104072398189,1-butyl-3-methylimidazolium,bis(trifluoromethylsulfonyl)imide,1006.73,1008.96,764.33,1369.65,31.71,26.33,3,1,Imidazolium,2.800405794625447,0.1642850024542806,1.140787035571317
CCCCCCCCc1cccc[n+]1CCCC.NCCCC[C@H](N)C(=O)[O-],18,0.7188612099644128,"1,2-diethylpyridinium",L-lysinate,927.93,978.32,866.73,957.33,7.06,2.19,3,1,Pyridinium,0.956660334919846,0.18876663151316464,1.1786231006580774
CCCC(C)CCC(CCC)(C(C)=O)[n+]1cc[nH]c1.NCCCC[C@H](N)C(=O)[O-],19,0.5530973451327433,1-butyl-3-methylimidazolium,L-lysinate,925.87,1017.72,944.96,982.23,2.02,3.61,3,1,Imidazolium,1.5682641368008434,0.21079642151553074,1.1911813834658622
CCCCCCCC[n+]1cccc(C)c1CCC.CCCCCCCCOS(=O)(=O)[O-],18,0.6029850746268657,"1,2-diethylpyridinium",octyl sulfate,925.43,981.36,927.66,969.42,0.24,1.23,3,1,Pyridinium,1.1261818740394651,0.21585420835306945,1.1786231006580774
CCCCCC(CCC)CC[NH+](C)C=N.COS(=O)(=O)[O-],15,0.6049382716049383,"N,N,N-triethyldodecan-1-aminium",methylsulfate,960.27,1050.25,631.25,1054.81,52.12,0.43,3,1,Aminium,2.064179922130225,0.0931816836211571,1.1492817859024778
CCCCCCCCCCC[n+]1ccccc1.CCCCCCCCOS(=O)(=O)[O-],17,0.8899082568807339,1-butylpyridinium,octyl sulfate,912.1,1000.24,906.82,972.49,0.58,2.85,3,1,Pyridinium,1.0864314290148418,0.3416145231410293,1.1862535391740918
CCCCCCC[P+](CC)(CC)CCP.NCCCC[C@H](N)C(=O)[O-],15,0.8513513513513513,triethyloctylammonium,L-lysinate,950.22,985.06,832.87,967.56,14.09,1.81,3,1,Ammonium,1.1080254213739849,0.08043527558546396,1.181195161400885
CCCCP(c1c[n+](CCC(C)S)cn1C)C(C)C.NCCCC[C@H](N)C(=O)[O-],19,0.5537190082644629,1-butyl-3-methylimidazolium,L-lysinate,1009.4,1085.29,859.2,1038.71,17.48,4.48,3,1,Imidazolium,1.3153496498248212,0.1435032731272258,1.1554561663787346
CCCCC(CC)CCCCC[n+]1ccn(C)c1.CCCCCCCCOS(=O)(=O)[O-],18,0.9325842696629212,1-methyl-3-octyl-1H-imidazol-3-ium,octyl sulfate,951.85,993.7,909.84,976.1,4.62,1.8,3,1,Imidazolium,0.6351284087395479,0.07936809868153517,1.1837394489445905
PCCCCCCCCCCC[n+]1ccccc1.CCCCCCCCOS(=O)(=O)[O-],18,0.8220338983050848,1-butylpyridinium,octyl sulfate,931.59,1024.14,904.44,1008.01,3.0,1.6,3,1,Pyridinium,1.3143565745741663,0.15280883850791746,1.1935902532304827
CCCCCC(CCC)[n+]1ccn(CCC#P)c1.O=S(=O)([O-])C(F)(F)F,18,0.7127659574468085,1-butyl-3-methylimidazolium,trifluoromethanesulfonate,1064.94,981.28,753.98,1140.84,41.24,13.99,3,1,Imidazolium,1.1248696384082582,0.1329908017562466,1.0981320766257543
C=Nc1n(CCCCCCCCCC)cc[n+]1C.CCCCCCCCOS(=O)(=O)[O-],18,0.6943005181347149,1-butyl-3-methylimidazolium,octyl sulfate,927.82,1026.43,896.94,998.77,3.44,2.77,3,1,Imidazolium,1.6782717100790032,0.18876663151316464,1.1935902532304827
PCCCCCCCCCCC[n+]1ccccc1.CCCCCCCCOS(=O)(=O)[O-],18,0.8220338983050848,1-butylpyridinium,octyl sulfate,931.59,1024.14,1054.13,1010.06,11.62,1.39,3,1,Pyridinium,1.3143565745741663,0.15280883850791746,1.1935902532304827
CCCCCCCC[P+](CC)(CC)CCS.NCCCC[C@H](N)C(=O)[O-],16,0.8648648648648649,triethyloctylammonium,L-lysinate,1032.61,1061.84,855.36,981.66,20.72,8.17,3,1,Ammonium,3.4190863591921494,0.07950364969121068,1.1508821606106079
CCCCCCCC[n+]1cccc(CCC)c1.C[C@@H](O)[C@H](N)C(=O)[O-],17,0.7565217391304347,N-octyl-3-methylpyridinium,L-threoninate,954.15,1024.79,740.67,974.25,28.82,5.19,3,1,Pyridinium,1.4055839590011636,0.08000610552278861,1.1935902532304827
C[n+]1ccn(C(CCF)CCCCCCCCCl)c1.O=C([O-])[C@@H]1CCCN1,19,0.6943005181347149,1-butyl-3-methylimidazolium,L-prolinate,1011.66,1084.07,748.96,1075.04,35.08,0.84,4,1,Imidazolium,1.167000263859235,0.1268101490093864,1.1554561663787346
CCCCN[NH2+]CC(C)(CCCC)C(S)CC.O=C([O-])[C@@H]1CCCN1,17,0.4782608695652174,triethyloctylammonium,L-prolinate,978.2,1017.81,793.79,983.32,23.23,3.51,4,1,Ammonium,1.5652673872904277,0.17316945826816335,1.1425460638590537
CCCC(N)[NH2+]C(N)(CCCCCl)CN(C)CC.NCCCC[C@H](N)C(=O)[O-],18,0.4957983193277311,triethyloctylammonium,L-lysinate,994.97,1052.11,835.82,1059.29,19.04,0.68,4,1,Ammonium,2.3041920186994527,0.23730407592476604,1.1492817859024778
CCCCCCCCc1cccc[n+]1CCCC.CCCCCCCCOS(=O)(=O)[O-],18,0.7188612099644128,"1,2-diethylpyridinium",octyl sulfate,923.16,983.76,913.16,964.32,1.1,2.02,4,1,Pyridinium,1.1956877145176987,0.2828157942681305,1.181195161400885
CCCCCCCC[n+]1cccc(CCCC)c1.CCCCCCCCOS(=O)(=O)[O-],18,0.71900826446281,N-octyl-3-methylpyridinium,octyl sulfate,920.58,989.77,962.39,961.31,4.34,2.96,4,1,Pyridinium,0.9246653040566498,0.3121219611192136,1.181195161400885
CCCCC(S)CCC(N)[n+]1cc[nH]c1.CCCCCCCCOS(=O)(=O)[O-],15,0.6564102564102564,1-butyl-3-methylimidazolium,octyl sulfate,1038.22,1056.48,783.34,1085.95,32.54,2.71,4,1,Imidazolium,2.8358605088044007,0.08265061943056244,1.110315103436362
CC(N)C[n+]1cccc(CCCCC(C)(C)C)c1.CCCCCCCCOS(=O)(=O)[O-],18,0.5985663082437276,N-octyl-3-methylpyridinium,octyl sulfate,954.99,1035.58,878.62,1001.27,8.69,3.43,4,1,Pyridinium,3.305165807102948,0.13189043818094645,1.1959591651415855
